order_id,order_date,customer_id,product_id,campaign_id,channel,units,unit_price,discount_amount,gross_sales,net_sales,status
ORD-10001,2026-01-01,00016,PROD_001,CMP-01,Retail / Tiendas,1,4500.0,0.0,4500.0,4500.0,COMPLETED
ORD-10002,2026-01-01,00019,PROD_002,CMP-01,Retail / Tiendas,3,2100.0,630.0,6300.0,5670.0,COMPLETED
ORD-10003,2026-01-01,00039,PROD_002,CMP-01,Mayorista / B2B,12,2100.0,0.0,25200.0,25200.0,COMPLETED
ORD-10004,2026-01-01,00007,PROD_004,CMP-01,Online / Directo,2,380.0,114.0,760.0,646.0,COMPLETED
ORD-10005,2026-01-01,00069,PROD_005,,Online / Directo,3,650.0,0.0,1950.0,1950.0,COMPLETED
ORD-10006,2026-01-01,00054,PROD_008,CMP-01,Online / Directo,1,1400.0,70.0,1400.0,1330.0,COMPLETED
ORD-10007,2026-01-01,00025,PROD_005,,Retail / Tiendas,2,650.0,0.0,1300.0,1300.0,COMPLETED
ORD-10008,2026-01-01,00033,PROD_004,CMP-01,Mayorista / B2B,5,380.0,0.0,1900.0,1900.0,COMPLETED
ORD-10009,2026-01-01,00033,PROD_008,CMP-01,Retail / Tiendas,3,1400.0,0.0,4200.0,4200.0,COMPLETED
ORD-10010,2026-01-01,00054,PROD_008,,Mayorista / B2B,6,1400.0,0.0,8400.0,8400.0,COMPLETED
ORD-10011,2026-01-01,00048,PROD_003,CMP-01,Mayorista / B2B,8,750.0,0.0,6000.0,6000.0,COMPLETED
ORD-10012,2026-01-01,00006,PROD_003,CMP-01,Online / Directo,1,750.0,112.5,750.0,637.5,COMPLETED
ORD-10013,2026-01-01,00063,PROD_005,CMP-01,Online / Directo,1,650.0,0.0,650.0,650.0,COMPLETED
ORD-10014,2026-01-01,00054,PROD_002,,Mayorista / B2B,7,2100.0,735.0,14700.0,13965.0,COMPLETED
ORD-10015,2026-01-01,00027,PROD_002,CMP-01,Mayorista / B2B,6,2100.0,0.0,12600.0,12600.0,COMPLETED
ORD-10016,2026-01-01,00042,PROD_007,,Retail / Tiendas,2,120.0,24.0,240.0,216.0,COMPLETED
ORD-10017,2026-01-01,00045,PROD_004,CMP-01,Retail / Tiendas,1,380.0,0.0,380.0,380.0,COMPLETED
ORD-10018,2026-01-01,00066,PROD_008,CMP-01,Mayorista / B2B,23,1400.0,0.0,32200.0,32200.0,COMPLETED
ORD-10019,2026-01-01,00052,PROD_002,CMP-01,Mayorista / B2B,10,2100.0,0.0,21000.0,21000.0,COMPLETED
ORD-10020,2026-01-01,00005,PROD_007,CMP-01,Mayorista / B2B,8,120.0,96.0,960.0,864.0,COMPLETED
ORD-10021,2026-01-02,00013,PROD_002,CMP-01,Retail / Tiendas,2,2100.0,0.0,4200.0,4200.0,COMPLETED
ORD-10022,2026-01-02,00062,PROD_007,,Mayorista / B2B,13,120.0,78.0,1560.0,1482.0,COMPLETED
ORD-10023,2026-01-02,00048,PROD_001,CMP-01,Mayorista / B2B,12,4500.0,8100.0,54000.0,45900.0,COMPLETED
ORD-10024,2026-01-02,00067,PROD_004,CMP-01,Mayorista / B2B,20,380.0,0.0,7600.0,7600.0,COMPLETED
ORD-10025,2026-01-02,00062,PROD_004,CMP-01,Mayorista / B2B,9,380.0,0.0,3420.0,3420.0,COMPLETED
ORD-10026,2026-01-02,00023,PROD_002,CMP-01,Mayorista / B2B,14,2100.0,,29400.0,24990.0,COMPLETED
ORD-10027,2026-01-02,00001,PROD_008,,Online / Directo,1,1400.0,70.0,1400.0,1330.0,COMPLETED
ORD-10028,2026-01-02,00032,PROD_003,,Online / Directo,2,750.0,75.0,1500.0,1425.0,COMPLETED
ORD-10029,2026-01-02,00065,PROD_001,CMP-01,Retail / Tiendas,2,4500.0,0.0,9000.0,9000.0,COMPLETED
ORD-10030,2026-01-02,00035,PROD_007,,Mayorista / B2B,21,120.0,126.0,2520.0,2394.0,COMPLETED
ORD-10031,2026-01-02,00007,PROD_004,,Mayorista / B2B,22,380.0,418.0,8360.0,7942.0,COMPLETED
ORD-10032,2026-01-02,00010,PROD_005,,Mayorista / B2B,13,650.0,422.5,8450.0,8027.5,COMPLETED
ORD-10033,2026-01-02,00024,PROD_007,,Mayorista / B2B,9,120.0,0.0,1080.0,1080.0,COMPLETED
ORD-10034,2026-01-02,00062,PROD_004,CMP-01,Mayorista / B2B,20,380.0,0.0,7600.0,7600.0,COMPLETED
ORD-10035,2026-01-02,00019,PROD_004,,Online / Directo,1,380.0,0.0,380.0,380.0,CANCELLED
ORD-10036,2026-01-02,00069,PROD_003,,Retail / Tiendas,1,750.0,37.5,750.0,712.5,COMPLETED
ORD-10037,2026-01-02,00053,PROD_002,,Mayorista / B2B,11,2100.0,3465.0,23100.0,19635.0,COMPLETED
ORD-10038,2026-01-02,00076,PROD_001,,Retail / Tiendas,2,4500.0,900.0,9000.0,8100.0,COMPLETED
ORD-10039,2026-01-02,00009,PROD_002,,Mayorista / B2B,6,2100.0,0.0,12600.0,12600.0,COMPLETED
ORD-10040,2026-01-02,00017,PROD_007,CMP-01,Mayorista / B2B,11,120.0,198.0,1320.0,1122.0,COMPLETED
ORD-10041,2026-01-02,00054,PROD_007,CMP-01,Retail / Tiendas,3,120.0,0.0,360.0,360.0,COMPLETED
ORD-10042,2026-01-02,00058,PROD_004,,Mayorista / B2B,12,380.0,0.0,4560.0,4560.0,COMPLETED
ORD-10043,2026-01-03,00025,PROD_008,CMP-01,Mayorista / B2B,5,1400.0,0.0,7000.0,7000.0,CANCELLED
ORD-10044,2026-01-03,00021,PROD_008,,Mayorista / B2B,15,1400.0,3150.0,21000.0,17850.0,COMPLETED
ORD-10045,2026-01-03,00049,PROD_006,CMP-01,Mayorista / B2B,19,55.0,0.0,1045.0,1045.0,COMPLETED
ORD-10046,2026-01-03,00012,PROD_002,,Mayorista / B2B,20,2100.0,4200.0,42000.0,37800.0,COMPLETED
ORD-10047,2026-01-03,00008,PROD_002,CMP-01,Mayorista / B2B,22,2100.0,0.0,46200.0,46200.0,COMPLETED
ORD-10048,2026-01-03,00073,PROD_001,CMP-01,Mayorista / B2B,24,4500.0,5400.0,108000.0,102600.0,COMPLETED
ORD-10049,2026-01-03,00069,PROD_007,,Online / Directo,1,120.0,,120.0,120.0,COMPLETED
ORD-10050,2026-01-03,00033,PROD_006,CMP-01,Mayorista / B2B,5,55.0,0.0,275.0,275.0,REFUNDED
ORD-10051,2026-01-03,00059,PROD_003,CMP-01,Mayorista / B2B,21,750.0,1575.0,15750.0,14175.0,COMPLETED
ORD-10052,2026-01-03,00006,PROD_004,,Mayorista / B2B,21,380.0,399.0,7980.0,7581.0,COMPLETED
ORD-10053,2026-01-03,00074,PROD_002,CMP-01,Retail / Tiendas,3,2100.0,0.0,6300.0,6300.0,COMPLETED
ORD-10054,2026-01-03,00062,PROD_001,CMP-01,Retail / Tiendas,1,4500.0,,4500.0,4050.0,COMPLETED
ORD-10055,2026-01-03,00054,PROD_006,CMP-01,Retail / Tiendas,3,55.0,8.25,165.0,156.75,COMPLETED
ORD-10056,2026-01-03,00057,PROD_001,,Online / Directo,3,4500.0,0.0,13500.0,13500.0,COMPLETED
ORD-10057,2026-01-03,00038,PROD_008,CMP-01,Mayorista / B2B,6,1400.0,0.0,8400.0,8400.0,COMPLETED
ORD-10058,2026-01-03,00052,PROD_001,CMP-01,Online / Directo,2,4500.0,0.0,9000.0,9000.0,COMPLETED
ORD-10059,2026-01-03,00029,PROD_004,CMP-01,Retail / Tiendas,2,380.0,114.0,760.0,646.0,COMPLETED
ORD-10060,2026-01-03,00053,PROD_002,CMP-01,Online / Directo,1,2100.0,0.0,2100.0,2100.0,COMPLETED
ORD-10061,2026-01-03,00080,PROD_007,CMP-01,Retail / Tiendas,3,120.0,0.0,360.0,360.0,COMPLETED
ORD-10062,2026-01-03,00067,PROD_003,CMP-01,Online / Directo,1,750.0,112.5,750.0,637.5,COMPLETED
ORD-10063,2026-01-03,00042,PROD_005,CMP-01,Mayorista / B2B,10,650.0,0.0,6500.0,6500.0,COMPLETED
ORD-10064,2026-01-03,00045,PROD_003,,Retail / Tiendas,1,750.0,0.0,750.0,750.0,COMPLETED
ORD-10065,2026-01-03,00048,PROD_005,,Mayorista / B2B,21,650.0,0.0,13650.0,13650.0,COMPLETED
ORD-10066,2026-01-04,00028,PROD_007,CMP-01,Retail / Tiendas,2,120.0,0.0,240.0,240.0,COMPLETED
ORD-10067,2026-01-04,00023,PROD_006,CMP-01,Retail / Tiendas,3,55.0,8.25,165.0,156.75,COMPLETED
ORD-10068,2026-01-04,00028,PROD_002,CMP-01,Mayorista / B2B,11,2100.0,0.0,23100.0,23100.0,COMPLETED
ORD-10069,2026-01-04,00025,PROD_004,CMP-01,Online / Directo,2,380.0,76.0,760.0,684.0,COMPLETED
ORD-10070,2026-01-04,00008,PROD_008,CMP-01,Retail / Tiendas,1,1400.0,70.0,1400.0,1330.0,COMPLETED
ORD-10071,2026-01-04,00059,PROD_008,CMP-01,Retail / Tiendas,3,1400.0,630.0,4200.0,3570.0,COMPLETED
ORD-10072,2026-01-04,00004,PROD_006,CMP-01,Mayorista / B2B,15,55.0,0.0,825.0,825.0,COMPLETED
ORD-10073,2026-01-04,00031,PROD_008,CMP-01,Mayorista / B2B,9,1400.0,1890.0,12600.0,10710.0,COMPLETED
ORD-10074,2026-01-04,00006,PROD_006,,Online / Directo,1,55.0,0.0,55.0,55.0,COMPLETED
ORD-10075,2026-01-04,00026,PROD_003,CMP-01,Retail / Tiendas,1,750.0,75.0,750.0,675.0,COMPLETED
ORD-10076,2026-01-04,00012,PROD_007,CMP-01,Retail / Tiendas,1,120.0,6.0,120.0,114.0,COMPLETED
ORD-10077,2026-01-04,00003,PROD_001,CMP-01,Retail / Tiendas,2,4500.0,0.0,9000.0,9000.0,COMPLETED
ORD-10078,2026-01-04,00002,PROD_004,CMP-01,Mayorista / B2B,5,380.0,0.0,1900.0,1900.0,COMPLETED
ORD-10079,2026-01-04,00035,PROD_006,,Retail / Tiendas,3,55.0,24.75,165.0,140.25,COMPLETED
ORD-10080,2026-01-04,00009,PROD_002,CMP-01,Retail / Tiendas,3,2100.0,0.0,6300.0,6300.0,COMPLETED
ORD-10081,2026-01-04,00014,PROD_004,,Mayorista / B2B,7,380.0,0.0,2660.0,2660.0,COMPLETED
ORD-10082,2026-01-04,00042,PROD_001,CMP-01,Mayorista / B2B,22,4500.0,9900.0,99000.0,89100.0,COMPLETED
ORD-10083,2026-01-04,00023,PROD_007,CMP-01,Mayorista / B2B,19,120.0,114.0,2280.0,2166.0,COMPLETED
ORD-10084,2026-01-04,00051,PROD_007,,Mayorista / B2B,23,120.0,0.0,2760.0,2760.0,COMPLETED
ORD-10085,2026-01-04,00029,PROD_001,,Mayorista / B2B,24,4500.0,5400.0,108000.0,102600.0,COMPLETED
ORD-10086,2026-01-04,00027,PROD_007,,Retail / Tiendas,1,120.0,0.0,120.0,120.0,COMPLETED
ORD-10087,2026-01-04,00038,PROD_005,CMP-01,Mayorista / B2B,19,650.0,1235.0,12350.0,11115.0,COMPLETED
ORD-10088,2026-01-05,00068,PROD_004,,Retail / Tiendas,1,380.0,19.0,380.0,361.0,COMPLETED
ORD-10089,2026-01-05,00069,PROD_004,CMP-01,Mayorista / B2B,15,380.0,855.0,5700.0,4845.0,COMPLETED
ORD-10090,2026-01-05,00012,PROD_002,CMP-01,Mayorista / B2B,17,2100.0,0.0,35700.0,35700.0,COMPLETED
ORD-10091,2026-01-05,00068,PROD_005,CMP-01,Retail / Tiendas,1,650.0,32.5,650.0,617.5,COMPLETED
ORD-10092,2026-01-05,00029,PROD_006,CMP-01,Mayorista / B2B,12,55.0,66.0,660.0,594.0,COMPLETED
ORD-10093,2026-01-05,00036,PROD_006,CMP-01,Mayorista / B2B,5,55.0,27.5,275.0,247.5,COMPLETED
ORD-10094,2026-01-05,00009,PROD_002,CMP-01,Mayorista / B2B,24,2100.0,5040.0,50400.0,45360.0,COMPLETED
ORD-10095,2026-01-05,00038,PROD_002,CMP-01,Online / Directo,3,2100.0,0.0,6300.0,6300.0,COMPLETED
ORD-10096,2026-01-05,00051,PROD_006,,Retail / Tiendas,1,55.0,0.0,55.0,55.0,COMPLETED
ORD-10097,2026-01-05,00022,PROD_002,,Retail / Tiendas,2,2100.0,210.0,4200.0,3990.0,COMPLETED
ORD-10098,2026-01-05,00063,PROD_005,CMP-01,Mayorista / B2B,12,650.0,390.0,7800.0,7410.0,COMPLETED
ORD-10099,2026-01-05,00062,PROD_008,CMP-01,Mayorista / B2B,21,1400.0,0.0,29400.0,29400.0,COMPLETED
ORD-10100,2026-01-05,00047,PROD_002,CMP-01,Retail / Tiendas,2,2100.0,210.0,4200.0,3990.0,COMPLETED
ORD-10101,2026-01-05,00008,PROD_005,,Mayorista / B2B,11,650.0,715.0,7150.0,6435.0,COMPLETED
ORD-10102,2026-01-05,00055,PROD_004,CMP-01,Online / Directo,2,380.0,76.0,760.0,684.0,COMPLETED
ORD-10103,2026-01-05,00072,PROD_006,CMP-01,Mayorista / B2B,19,55.0,52.25,1045.0,992.75,COMPLETED
ORD-10104,2026-01-05,00078,PROD_008,,Online / Directo,2,1400.0,280.0,2800.0,2520.0,COMPLETED
ORD-10105,2026-01-05,00048,PROD_002,,Mayorista / B2B,11,2100.0,1155.0,23100.0,21945.0,COMPLETED
ORD-10106,2026-01-05,00029,PROD_004,CMP-01,Online / Directo,2,380.0,76.0,760.0,684.0,COMPLETED
ORD-10107,2026-01-06,00012,PROD_004,CMP-01,Mayorista / B2B,9,380.0,0.0,3420.0,3420.0,COMPLETED
ORD-10108,2026-01-06,00024,PROD_001,CMP-01,Mayorista / B2B,14,4500.0,3150.0,63000.0,59850.0,REFUNDED
ORD-10109,2026-01-06,00014,PROD_001,CMP-01,Retail / Tiendas,2,4500.0,450.0,9000.0,8550.0,COMPLETED
ORD-10110,2026-01-06,00058,PROD_005,,Online / Directo,1,650.0,32.5,650.0,617.5,COMPLETED
ORD-10111,2026-01-06,00041,PROD_006,,Online / Directo,2,55.0,5.5,110.0,104.5,COMPLETED
ORD-10112,2026-01-06,00027,PROD_001,,Mayorista / B2B,10,4500.0,2250.0,45000.0,42750.0,COMPLETED
ORD-10113,2026-01-06,00017,PROD_002,CMP-01,Retail / Tiendas,1,2100.0,0.0,2100.0,2100.0,COMPLETED
ORD-10114,2026-01-06,00051,PROD_005,CMP-01,Retail / Tiendas,3,650.0,0.0,1950.0,1950.0,COMPLETED
ORD-10115,2026-01-06,00039,PROD_008,,Retail / Tiendas,3,1400.0,630.0,4200.0,3570.0,COMPLETED
ORD-10116,2026-01-06,00036,PROD_007,CMP-01,Retail / Tiendas,3,120.0,18.0,360.0,342.0,COMPLETED
ORD-10117,2026-01-06,00026,PROD_002,CMP-01,Mayorista / B2B,13,2100.0,0.0,27300.0,27300.0,COMPLETED
ORD-10118,2026-01-06,00039,PROD_003,,Mayorista / B2B,7,750.0,,5250.0,5250.0,COMPLETED
ORD-10119,2026-01-06,00044,PROD_003,CMP-01,Mayorista / B2B,21,750.0,0.0,15750.0,15750.0,CANCELLED
ORD-10120,2026-01-06,00008,PROD_007,,Retail / Tiendas,1,120.0,12.0,120.0,108.0,COMPLETED
ORD-10121,2026-01-06,00012,PROD_007,CMP-01,Online / Directo,3,120.0,54.0,360.0,306.0,CANCELLED
ORD-10122,2026-01-06,00023,PROD_002,CMP-01,Online / Directo,1,2100.0,0.0,2100.0,2100.0,COMPLETED
ORD-10123,2026-01-07,00059,PROD_007,,Online / Directo,1,120.0,0.0,120.0,120.0,COMPLETED
ORD-10124,2026-01-07,00017,PROD_006,CMP-01,Online / Directo,3,55.0,0.0,165.0,165.0,COMPLETED
ORD-10125,2026-01-07,00055,PROD_007,,Retail / Tiendas,3,120.0,0.0,360.0,360.0,COMPLETED
ORD-10126,2026-01-07,00016,PROD_005,CMP-01,Retail / Tiendas,2,650.0,130.0,1300.0,1170.0,COMPLETED
ORD-10127,2026-01-07,00013,PROD_005,,Mayorista / B2B,22,650.0,2145.0,14300.0,12155.0,COMPLETED
ORD-10128,2026-01-07,00062,PROD_005,CMP-01,Retail / Tiendas,1,650.0,32.5,650.0,617.5,COMPLETED
ORD-10129,2026-01-07,00005,PROD_001,CMP-01,Mayorista / B2B,21,4500.0,0.0,94500.0,94500.0,COMPLETED
ORD-10130,2026-01-07,00025,PROD_008,CMP-01,Mayorista / B2B,5,1400.0,1050.0,7000.0,5950.0,COMPLETED
ORD-10131,2026-01-07,00059,PROD_002,CMP-01,Mayorista / B2B,9,2100.0,1890.0,18900.0,17010.0,COMPLETED
ORD-10132,2026-01-07,00011,PROD_006,CMP-01,Online / Directo,1,55.0,8.25,55.0,46.75,COMPLETED
ORD-10133,2026-01-07,00054,PROD_005,CMP-01,Online / Directo,3,650.0,97.5,1950.0,1852.5,COMPLETED
ORD-10134,2026-01-07,00003,PROD_008,CMP-01,Mayorista / B2B,10,1400.0,1400.0,14000.0,12600.0,COMPLETED
ORD-10135,2026-01-07,00061,PROD_003,,Retail / Tiendas,2,750.0,75.0,1500.0,1425.0,COMPLETED
ORD-10136,2026-01-07,00013,PROD_008,CMP-01,Retail / Tiendas,1,1400.0,70.0,1400.0,1330.0,COMPLETED
ORD-10137,2026-01-07,00067,PROD_003,,Online / Directo,1,750.0,75.0,750.0,675.0,CANCELLED
ORD-10138,2026-01-07,00005,PROD_003,CMP-01,Retail / Tiendas,3,750.0,0.0,2250.0,2250.0,COMPLETED
ORD-10139,2026-01-07,00018,PROD_006,CMP-01,Mayorista / B2B,9,55.0,0.0,495.0,495.0,COMPLETED
ORD-10140,2026-01-08,00062,PROD_005,,Online / Directo,3,650.0,195.0,1950.0,1755.0,COMPLETED
ORD-10141,2026-01-08,00006,PROD_008,CMP-01,Mayorista / B2B,23,1400.0,3220.0,32200.0,28980.0,COMPLETED
ORD-10142,2026-01-08,00045,PROD_001,CMP-01,Mayorista / B2B,14,4500.0,0.0,63000.0,63000.0,COMPLETED
ORD-10143,2026-01-08,00031,PROD_007,,Online / Directo,2,120.0,0.0,240.0,240.0,COMPLETED
ORD-10144,2026-01-08,00078,PROD_005,CMP-01,Online / Directo,1,650.0,0.0,650.0,650.0,COMPLETED
ORD-10145,2026-01-08,00060,PROD_008,,Retail / Tiendas,1,1400.0,140.0,1400.0,1260.0,COMPLETED
ORD-10146,2026-01-08,00063,PROD_004,,Online / Directo,3,380.0,171.0,1140.0,969.0,COMPLETED
ORD-10147,2026-01-08,00064,PROD_001,CMP-01,Mayorista / B2B,16,4500.0,0.0,72000.0,72000.0,COMPLETED
ORD-10148,2026-01-08,00050,PROD_006,CMP-01,Mayorista / B2B,19,55.0,156.75,1045.0,888.25,COMPLETED
ORD-10149,2026-01-08,00011,PROD_001,CMP-01,Mayorista / B2B,10,4500.0,,45000.0,45000.0,COMPLETED
ORD-10150,2026-01-08,00029,PROD_004,CMP-01,Mayorista / B2B,21,380.0,0.0,7980.0,7980.0,COMPLETED
ORD-10151,2026-01-08,00032,PROD_002,CMP-01,Mayorista / B2B,19,2100.0,1995.0,39900.0,37905.0,COMPLETED
ORD-10152,2026-01-08,00021,PROD_007,,Mayorista / B2B,20,120.0,240.0,2400.0,2160.0,CANCELLED
ORD-10153,2026-01-08,00058,PROD_004,CMP-01,Mayorista / B2B,10,380.0,0.0,3800.0,3800.0,COMPLETED
ORD-10154,2026-01-08,00015,PROD_004,CMP-01,Mayorista / B2B,20,380.0,380.0,7600.0,7220.0,COMPLETED
ORD-10155,2026-01-08,00027,PROD_006,CMP-01,Mayorista / B2B,22,55.0,,1210.0,1089.0,COMPLETED
ORD-10156,2026-01-08,00003,PROD_004,CMP-01,Online / Directo,2,380.0,0.0,760.0,760.0,COMPLETED
ORD-10157,2026-01-08,00009,PROD_006,CMP-01,Mayorista / B2B,20,55.0,0.0,1100.0,1100.0,COMPLETED
ORD-10158,2026-01-08,00011,PROD_008,,Retail / Tiendas,1,1400.0,0.0,1400.0,1400.0,COMPLETED
ORD-10159,2026-01-08,00038,PROD_008,,Online / Directo,3,1400.0,,4200.0,3990.0,COMPLETED
ORD-10160,2026-01-08,00041,PROD_001,CMP-01,Retail / Tiendas,1,4500.0,225.0,4500.0,4275.0,COMPLETED
ORD-10161,2026-01-08,00040,PROD_008,CMP-01,Mayorista / B2B,22,1400.0,0.0,30800.0,30800.0,COMPLETED
ORD-10162,2026-01-09,00026,PROD_006,,Online / Directo,3,55.0,0.0,165.0,165.0,COMPLETED
ORD-10163,2026-01-09,00044,PROD_001,CMP-01,Mayorista / B2B,12,4500.0,2700.0,54000.0,51300.0,COMPLETED
ORD-10164,2026-01-09,00032,PROD_001,,Mayorista / B2B,22,4500.0,14850.0,99000.0,84150.0,CANCELLED
ORD-10165,2026-01-09,00007,PROD_003,,Retail / Tiendas,2,750.0,150.0,1500.0,1350.0,COMPLETED
ORD-10166,2026-01-09,00075,PROD_002,CMP-01,Retail / Tiendas,2,2100.0,210.0,4200.0,3990.0,COMPLETED
ORD-10167,2026-01-09,00045,PROD_008,,Mayorista / B2B,23,1400.0,0.0,32200.0,32200.0,COMPLETED
ORD-10168,2026-01-09,00059,PROD_003,CMP-01,Retail / Tiendas,2,750.0,0.0,1500.0,1500.0,COMPLETED
ORD-10169,2026-01-09,00049,PROD_006,CMP-01,Online / Directo,1,55.0,2.75,55.0,52.25,COMPLETED
ORD-10170,2026-01-09,00020,PROD_004,CMP-01,Mayorista / B2B,22,380.0,836.0,8360.0,7524.0,COMPLETED
ORD-10171,2026-01-09,00066,PROD_007,,Retail / Tiendas,2,120.0,24.0,240.0,216.0,COMPLETED
ORD-10172,2026-01-09,00003,PROD_005,CMP-01,Mayorista / B2B,22,650.0,715.0,14300.0,13585.0,COMPLETED
ORD-10173,2026-01-09,00042,PROD_004,,Online / Directo,2,380.0,114.0,760.0,646.0,COMPLETED
ORD-10174,2026-01-09,00060,PROD_005,,Mayorista / B2B,19,650.0,617.5,12350.0,11732.5,COMPLETED
ORD-10175,2026-01-09,00028,PROD_002,,Retail / Tiendas,3,2100.0,315.0,6300.0,5985.0,COMPLETED
ORD-10176,2026-01-09,00047,PROD_007,CMP-01,Online / Directo,3,120.0,36.0,360.0,324.0,COMPLETED
ORD-10177,2026-01-10,00020,PROD_008,CMP-01,Mayorista / B2B,15,1400.0,3150.0,21000.0,17850.0,COMPLETED
ORD-10178,2026-01-10,00047,PROD_005,CMP-01,Retail / Tiendas,1,650.0,65.0,650.0,585.0,COMPLETED
ORD-10179,2026-01-10,00061,PROD_004,CMP-01,Retail / Tiendas,2,380.0,114.0,760.0,646.0,COMPLETED
ORD-10180,2026-01-10,00035,PROD_006,CMP-01,Retail / Tiendas,1,55.0,,55.0,46.75,COMPLETED
ORD-10181,2026-01-10,00053,PROD_002,,Mayorista / B2B,15,2100.0,0.0,31500.0,31500.0,COMPLETED
ORD-10182,2026-01-10,00043,PROD_002,CMP-01,Mayorista / B2B,16,2100.0,1680.0,33600.0,31920.0,COMPLETED
ORD-10183,2026-01-10,00008,PROD_002,CMP-01,Online / Directo,1,2100.0,0.0,2100.0,2100.0,COMPLETED
ORD-10184,2026-01-10,00034,PROD_001,,Mayorista / B2B,15,4500.0,3375.0,67500.0,64125.0,COMPLETED
ORD-10185,2026-01-10,00076,PROD_003,CMP-01,Retail / Tiendas,1,750.0,37.5,750.0,712.5,COMPLETED
ORD-10186,2026-01-10,00069,PROD_001,,Mayorista / B2B,6,4500.0,4050.0,27000.0,22950.0,COMPLETED
ORD-10187,2026-01-10,00073,PROD_005,,Online / Directo,1,650.0,0.0,650.0,650.0,COMPLETED
ORD-10188,2026-01-10,00019,PROD_006,CMP-01,Online / Directo,2,55.0,11.0,110.0,99.0,COMPLETED
ORD-10189,2026-01-10,00054,PROD_007,CMP-01,Mayorista / B2B,19,120.0,114.0,2280.0,2166.0,COMPLETED
ORD-10190,2026-01-10,00033,PROD_001,CMP-01,Retail / Tiendas,1,4500.0,0.0,4500.0,4500.0,COMPLETED
ORD-10191,2026-01-10,00066,PROD_006,CMP-01,Retail / Tiendas,1,55.0,0.0,55.0,55.0,COMPLETED
ORD-10192,2026-01-10,00026,PROD_001,CMP-01,Mayorista / B2B,16,4500.0,0.0,72000.0,72000.0,COMPLETED
ORD-10193,2026-01-10,00070,PROD_006,,Mayorista / B2B,22,55.0,60.5,1210.0,1149.5,COMPLETED
ORD-10194,2026-01-10,00015,PROD_001,CMP-01,Online / Directo,3,4500.0,0.0,13500.0,13500.0,COMPLETED
ORD-10195,2026-01-10,00068,PROD_008,CMP-01,Mayorista / B2B,24,1400.0,1680.0,33600.0,31920.0,COMPLETED
ORD-10196,2026-01-10,00030,PROD_002,CMP-01,Mayorista / B2B,6,2100.0,0.0,12600.0,12600.0,COMPLETED
ORD-10197,2026-01-10,00074,PROD_007,,Retail / Tiendas,1,120.0,0.0,120.0,120.0,COMPLETED
ORD-10198,2026-01-10,00068,PROD_006,CMP-01,Online / Directo,3,55.0,16.5,165.0,148.5,COMPLETED
ORD-10199,2026-01-10,00022,PROD_006,CMP-01,Mayorista / B2B,13,55.0,71.5,715.0,643.5,COMPLETED
ORD-10200,2026-01-11,00080,PROD_001,,Online / Directo,2,4500.0,0.0,9000.0,9000.0,COMPLETED
ORD-10201,2026-01-11,00018,PROD_003,CMP-01,Retail / Tiendas,2,750.0,0.0,1500.0,1500.0,COMPLETED
ORD-10202,2026-01-11,00021,PROD_001,,Online / Directo,2,4500.0,0.0,9000.0,9000.0,COMPLETED
ORD-10203,2026-01-11,00078,PROD_005,,Mayorista / B2B,6,650.0,0.0,3900.0,3900.0,COMPLETED
ORD-10204,2026-01-11,00041,PROD_001,CMP-01,Mayorista / B2B,15,4500.0,10125.0,67500.0,57375.0,COMPLETED
ORD-10205,2026-01-11,00039,PROD_005,CMP-01,Retail / Tiendas,2,650.0,0.0,1300.0,1300.0,COMPLETED
ORD-10206,2026-01-11,00070,PROD_001,CMP-01,Mayorista / B2B,11,4500.0,0.0,49500.0,49500.0,COMPLETED
ORD-10207,2026-01-11,00021,PROD_008,CMP-01,Mayorista / B2B,10,1400.0,700.0,14000.0,13300.0,COMPLETED
ORD-10208,2026-01-11,00002,PROD_007,,Mayorista / B2B,16,120.0,96.0,1920.0,1824.0,COMPLETED
ORD-10209,2026-01-11,00044,PROD_002,,Mayorista / B2B,8,2100.0,2520.0,16800.0,14280.0,COMPLETED
ORD-10210,2026-01-11,00030,PROD_001,,Mayorista / B2B,20,4500.0,0.0,90000.0,90000.0,COMPLETED
ORD-10211,2026-01-11,00023,PROD_004,,Mayorista / B2B,23,380.0,0.0,8740.0,8740.0,REFUNDED
ORD-10212,2026-01-11,00021,PROD_004,,Online / Directo,2,380.0,0.0,760.0,760.0,COMPLETED
ORD-10213,2026-01-11,00014,PROD_004,CMP-01,Retail / Tiendas,1,380.0,0.0,380.0,380.0,COMPLETED
ORD-10214,2026-01-11,00065,PROD_003,,Mayorista / B2B,7,750.0,0.0,5250.0,5250.0,COMPLETED
ORD-10215,2026-01-11,00043,PROD_007,CMP-01,Online / Directo,2,120.0,12.0,240.0,228.0,COMPLETED
ORD-10216,2026-01-11,00045,PROD_003,,Retail / Tiendas,2,750.0,150.0,1500.0,1350.0,COMPLETED
ORD-10217,2026-01-11,00073,PROD_007,CMP-01,Mayorista / B2B,7,120.0,0.0,840.0,840.0,COMPLETED
ORD-10218,2026-01-11,00025,PROD_002,,Retail / Tiendas,1,2100.0,0.0,2100.0,2100.0,COMPLETED
ORD-10219,2026-01-11,00052,PROD_003,CMP-01,Online / Directo,3,750.0,0.0,2250.0,2250.0,COMPLETED
ORD-10220,2026-01-11,00025,PROD_007,CMP-01,Mayorista / B2B,8,120.0,0.0,960.0,960.0,COMPLETED
ORD-10221,2026-01-11,00020,PROD_002,CMP-01,Online / Directo,1,2100.0,0.0,2100.0,2100.0,COMPLETED
ORD-10222,2026-01-11,00031,PROD_003,CMP-01,Retail / Tiendas,1,750.0,75.0,750.0,675.0,COMPLETED
ORD-10223,2026-01-11,00056,PROD_007,CMP-01,Mayorista / B2B,13,120.0,0.0,1560.0,1560.0,COMPLETED
ORD-10224,2026-01-12,00016,PROD_004,,Mayorista / B2B,5,380.0,95.0,1900.0,1805.0,REFUNDED
ORD-10225,2026-01-12,00052,PROD_004,,Mayorista / B2B,10,380.0,0.0,3800.0,3800.0,COMPLETED
ORD-10226,2026-01-12,00007,PROD_003,,Mayorista / B2B,18,750.0,0.0,13500.0,13500.0,COMPLETED
ORD-10227,2026-01-12,00021,PROD_006,CMP-01,Mayorista / B2B,10,55.0,0.0,550.0,550.0,COMPLETED
ORD-10228,2026-01-12,00053,PROD_002,CMP-01,Mayorista / B2B,9,2100.0,2835.0,18900.0,16065.0,COMPLETED
ORD-10229,2026-01-12,00052,PROD_008,,Retail / Tiendas,3,1400.0,0.0,4200.0,4200.0,COMPLETED
ORD-10230,2026-01-12,00052,PROD_005,CMP-01,Retail / Tiendas,2,650.0,0.0,1300.0,1300.0,CANCELLED
ORD-10231,2026-01-12,00041,PROD_001,,Retail / Tiendas,2,4500.0,,9000.0,9000.0,COMPLETED
ORD-10232,2026-01-12,00021,PROD_004,CMP-01,Online / Directo,3,380.0,0.0,1140.0,1140.0,COMPLETED
ORD-10233,2026-01-12,00045,PROD_003,,Online / Directo,1,750.0,,750.0,712.5,COMPLETED
ORD-10234,2026-01-12,00043,PROD_001,CMP-01,Mayorista / B2B,17,4500.0,7650.0,76500.0,68850.0,COMPLETED
ORD-10235,2026-01-12,00031,PROD_006,,Mayorista / B2B,8,55.0,0.0,440.0,440.0,COMPLETED
ORD-10236,2026-01-12,00005,PROD_005,CMP-01,Mayorista / B2B,12,650.0,0.0,7800.0,7800.0,COMPLETED
ORD-10237,2026-01-12,00025,PROD_001,CMP-01,Mayorista / B2B,6,4500.0,1350.0,27000.0,25650.0,COMPLETED
ORD-10238,2026-01-12,00062,PROD_007,CMP-01,Mayorista / B2B,22,120.0,0.0,2640.0,2640.0,COMPLETED
ORD-10239,2026-01-12,00032,PROD_007,,Retail / Tiendas,2,120.0,0.0,240.0,240.0,COMPLETED
ORD-10240,2026-01-12,00059,PROD_006,CMP-01,Mayorista / B2B,22,55.0,181.5,1210.0,1028.5,COMPLETED
ORD-10241,2026-01-13,00032,PROD_006,CMP-01,Retail / Tiendas,3,55.0,16.5,165.0,148.5,COMPLETED
ORD-10242,2026-01-13,00008,PROD_006,CMP-01,Mayorista / B2B,12,55.0,33.0,660.0,627.0,COMPLETED
ORD-10243,2026-01-13,00022,PROD_004,,Retail / Tiendas,1,380.0,19.0,380.0,361.0,COMPLETED
ORD-10244,2026-01-13,00079,PROD_003,CMP-01,Online / Directo,3,750.0,225.0,2250.0,2025.0,COMPLETED
ORD-10245,2026-01-13,00063,PROD_006,CMP-01,Retail / Tiendas,3,55.0,0.0,165.0,165.0,COMPLETED
ORD-10246,2026-01-13,00008,PROD_002,,Mayorista / B2B,20,2100.0,4200.0,42000.0,37800.0,COMPLETED
ORD-10247,2026-01-13,00064,PROD_002,,Mayorista / B2B,6,2100.0,0.0,12600.0,12600.0,COMPLETED
ORD-10248,2026-01-13,00041,PROD_008,,Mayorista / B2B,17,1400.0,1190.0,23800.0,22610.0,COMPLETED
ORD-10249,2026-01-13,00078,PROD_006,CMP-01,Online / Directo,1,55.0,8.25,55.0,46.75,COMPLETED
ORD-10250,2026-01-13,00056,PROD_003,,Mayorista / B2B,9,750.0,0.0,6750.0,6750.0,COMPLETED
ORD-10251,2026-01-13,00026,PROD_005,CMP-01,Mayorista / B2B,10,650.0,0.0,6500.0,6500.0,COMPLETED
ORD-10252,2026-01-13,00057,PROD_005,CMP-01,Mayorista / B2B,24,650.0,0.0,15600.0,15600.0,COMPLETED
ORD-10253,2026-01-13,00058,PROD_007,,Mayorista / B2B,24,120.0,144.0,2880.0,2736.0,COMPLETED
ORD-10254,2026-01-13,00060,PROD_003,,Mayorista / B2B,21,750.0,787.5,15750.0,14962.5,COMPLETED
ORD-10255,2026-01-13,00031,PROD_004,CMP-01,Online / Directo,3,380.0,0.0,1140.0,1140.0,COMPLETED
ORD-10256,2026-01-14,00047,PROD_003,CMP-01,Mayorista / B2B,17,750.0,0.0,12750.0,12750.0,COMPLETED
ORD-10257,2026-01-14,00047,PROD_006,CMP-01,Retail / Tiendas,3,55.0,8.25,165.0,156.75,CANCELLED
ORD-10258,2026-01-14,00003,PROD_005,CMP-01,Online / Directo,3,650.0,0.0,1950.0,1950.0,COMPLETED
ORD-10259,2026-01-14,00019,PROD_002,,Mayorista / B2B,7,2100.0,0.0,14700.0,14700.0,COMPLETED
ORD-10260,2026-01-14,00074,PROD_008,CMP-01,Online / Directo,1,1400.0,70.0,1400.0,1330.0,COMPLETED
ORD-10261,2026-01-14,00024,PROD_001,CMP-01,Online / Directo,2,4500.0,0.0,9000.0,9000.0,COMPLETED
ORD-10262,2026-01-14,00036,PROD_005,CMP-01,Online / Directo,2,650.0,0.0,1300.0,1300.0,COMPLETED
ORD-10263,2026-01-14,00014,PROD_008,CMP-01,Mayorista / B2B,14,1400.0,0.0,19600.0,19600.0,COMPLETED
ORD-10264,2026-01-14,00045,PROD_004,CMP-01,Mayorista / B2B,15,380.0,0.0,5700.0,5700.0,COMPLETED
ORD-10265,2026-01-14,00007,PROD_006,,Mayorista / B2B,19,55.0,0.0,1045.0,1045.0,COMPLETED
ORD-10266,2026-01-14,00042,PROD_002,CMP-01,Online / Directo,2,2100.0,210.0,4200.0,3990.0,REFUNDED
ORD-10267,2026-01-14,00049,PROD_003,CMP-01,Mayorista / B2B,23,750.0,2587.5,17250.0,14662.5,COMPLETED
ORD-10268,2026-01-14,00068,PROD_007,CMP-01,Mayorista / B2B,14,120.0,0.0,1680.0,1680.0,COMPLETED
ORD-10269,2026-01-14,00028,PROD_002,CMP-01,Mayorista / B2B,15,2100.0,0.0,31500.0,31500.0,COMPLETED
ORD-10270,2026-01-14,00065,PROD_002,CMP-01,Retail / Tiendas,1,2100.0,0.0,2100.0,2100.0,COMPLETED
ORD-10271,2026-01-14,00051,PROD_005,CMP-01,Online / Directo,3,650.0,97.5,1950.0,1852.5,COMPLETED
ORD-10272,2026-01-15,00063,PROD_001,,Online / Directo,3,4500.0,1350.0,13500.0,12150.0,COMPLETED
ORD-10273,2026-01-15,00079,PROD_006,CMP-01,Mayorista / B2B,24,55.0,132.0,1320.0,1188.0,COMPLETED
ORD-10274,2026-01-15,00063,PROD_002,CMP-01,Retail / Tiendas,1,2100.0,0.0,2100.0,2100.0,COMPLETED
ORD-10275,2026-01-15,00039,PROD_004,,Retail / Tiendas,3,380.0,114.0,1140.0,1026.0,COMPLETED
ORD-10276,2026-01-15,00074,PROD_008,,Mayorista / B2B,13,1400.0,910.0,18200.0,17290.0,COMPLETED
ORD-10277,2026-01-15,00042,PROD_004,,Online / Directo,2,380.0,76.0,760.0,684.0,COMPLETED
ORD-10278,2026-01-15,00040,PROD_006,CMP-01,Mayorista / B2B,5,55.0,13.75,275.0,261.25,COMPLETED
ORD-10279,2026-01-15,00004,PROD_006,CMP-01,Online / Directo,2,55.0,16.5,110.0,93.5,COMPLETED
ORD-10280,2026-01-15,00001,PROD_007,,Mayorista / B2B,17,120.0,306.0,2040.0,1734.0,COMPLETED
ORD-10281,2026-01-15,00059,PROD_007,CMP-01,Online / Directo,3,120.0,18.0,360.0,342.0,COMPLETED
ORD-10282,2026-01-15,00005,PROD_003,,Mayorista / B2B,13,750.0,975.0,9750.0,8775.0,COMPLETED
ORD-10283,2026-01-15,00047,PROD_004,,Retail / Tiendas,1,380.0,0.0,380.0,380.0,COMPLETED
ORD-10284,2026-01-15,00021,PROD_004,CMP-01,Mayorista / B2B,5,380.0,0.0,1900.0,1900.0,COMPLETED
ORD-10285,2026-01-15,00057,PROD_007,,Retail / Tiendas,2,120.0,12.0,240.0,228.0,COMPLETED
ORD-10286,2026-01-15,00016,PROD_002,,Mayorista / B2B,6,2100.0,0.0,12600.0,12600.0,COMPLETED
ORD-10287,2026-01-15,00001,PROD_008,,Retail / Tiendas,3,1400.0,0.0,4200.0,4200.0,COMPLETED
ORD-10288,2026-01-15,00063,PROD_005,,Mayorista / B2B,7,650.0,455.0,4550.0,4095.0,COMPLETED
ORD-10289,2026-01-15,00009,PROD_003,,Mayorista / B2B,17,750.0,,12750.0,11475.0,COMPLETED
ORD-10290,2026-01-15,00046,PROD_006,CMP-01,Mayorista / B2B,18,55.0,99.0,990.0,891.0,COMPLETED
ORD-10291,2026-01-15,00025,PROD_008,,Mayorista / B2B,18,1400.0,3780.0,25200.0,21420.0,COMPLETED
ORD-10292,2026-01-15,00042,PROD_003,,Online / Directo,1,750.0,75.0,750.0,675.0,REFUNDED
ORD-10293,2026-01-15,00019,PROD_007,CMP-01,Retail / Tiendas,2,120.0,0.0,240.0,240.0,COMPLETED
ORD-10294,2026-01-15,00033,PROD_008,CMP-01,Mayorista / B2B,24,1400.0,0.0,33600.0,33600.0,COMPLETED
ORD-10295,2026-01-15,00068,PROD_003,,Retail / Tiendas,2,750.0,75.0,1500.0,1425.0,COMPLETED
ORD-10296,2026-01-16,00062,PROD_001,,Retail / Tiendas,2,4500.0,0.0,9000.0,9000.0,COMPLETED
ORD-10297,2026-01-16,00048,PROD_004,CMP-01,Retail / Tiendas,1,380.0,19.0,380.0,361.0,COMPLETED
ORD-10298,2026-01-16,00065,PROD_008,,Retail / Tiendas,1,1400.0,70.0,1400.0,1330.0,COMPLETED
ORD-10299,2026-01-16,00019,PROD_002,,Mayorista / B2B,24,2100.0,0.0,50400.0,50400.0,COMPLETED
ORD-10300,2026-01-16,00004,PROD_007,,Retail / Tiendas,3,120.0,0.0,360.0,360.0,COMPLETED
ORD-10301,2026-01-16,00034,PROD_003,CMP-01,Mayorista / B2B,13,750.0,487.5,9750.0,9262.5,COMPLETED
ORD-10302,2026-01-16,00012,PROD_006,CMP-01,Mayorista / B2B,12,55.0,0.0,660.0,660.0,COMPLETED
ORD-10303,2026-01-16,00014,PROD_003,CMP-01,Retail / Tiendas,1,750.0,0.0,750.0,750.0,COMPLETED
ORD-10304,2026-01-16,00008,PROD_003,,Mayorista / B2B,24,750.0,0.0,18000.0,18000.0,COMPLETED
ORD-10305,2026-01-16,00054,PROD_006,,Retail / Tiendas,1,55.0,0.0,55.0,55.0,COMPLETED
ORD-10306,2026-01-16,00039,PROD_007,CMP-01,Mayorista / B2B,13,120.0,0.0,1560.0,1560.0,COMPLETED
ORD-10307,2026-01-16,00045,PROD_001,,Online / Directo,3,4500.0,0.0,13500.0,13500.0,COMPLETED
ORD-10308,2026-01-16,00045,PROD_002,,Mayorista / B2B,11,2100.0,,23100.0,19635.0,COMPLETED
ORD-10309,2026-01-16,00047,PROD_007,CMP-01,Retail / Tiendas,1,120.0,6.0,120.0,114.0,COMPLETED
ORD-10310,2026-01-16,00019,PROD_007,CMP-01,Retail / Tiendas,1,120.0,0.0,120.0,120.0,COMPLETED
ORD-10311,2026-01-16,00074,PROD_002,,Retail / Tiendas,3,2100.0,315.0,6300.0,5985.0,COMPLETED
ORD-10312,2026-01-16,00028,PROD_003,CMP-01,Retail / Tiendas,2,750.0,0.0,1500.0,1500.0,COMPLETED
ORD-10313,2026-01-16,00041,PROD_006,CMP-01,Mayorista / B2B,16,55.0,,880.0,880.0,COMPLETED
ORD-10314,2026-01-16,00049,PROD_007,CMP-01,Mayorista / B2B,10,120.0,120.0,1200.0,1080.0,COMPLETED
ORD-10315,2026-01-16,00053,PROD_006,,Mayorista / B2B,16,55.0,88.0,880.0,792.0,COMPLETED
ORD-10316,2026-01-16,00075,PROD_008,CMP-01,Mayorista / B2B,8,1400.0,0.0,11200.0,11200.0,COMPLETED
ORD-10317,2026-01-17,00056,PROD_001,CMP-01,Mayorista / B2B,5,4500.0,3375.0,22500.0,19125.0,COMPLETED
ORD-10318,2026-01-17,00011,PROD_001,CMP-01,Mayorista / B2B,21,4500.0,4725.0,94500.0,89775.0,COMPLETED
ORD-10319,2026-01-17,00065,PROD_007,CMP-01,Online / Directo,1,120.0,0.0,120.0,120.0,COMPLETED
ORD-10320,2026-01-17,00004,PROD_002,CMP-01,Online / Directo,3,2100.0,0.0,6300.0,6300.0,COMPLETED
ORD-10321,2026-01-17,00015,PROD_005,,Mayorista / B2B,14,650.0,1365.0,9100.0,7735.0,COMPLETED
ORD-10322,2026-01-17,00068,PROD_002,,Online / Directo,1,2100.0,315.0,2100.0,1785.0,COMPLETED
ORD-10323,2026-01-17,00022,PROD_004,CMP-01,Mayorista / B2B,9,380.0,0.0,3420.0,3420.0,COMPLETED
ORD-10324,2026-01-17,00051,PROD_003,CMP-01,Online / Directo,2,750.0,150.0,1500.0,1350.0,COMPLETED
ORD-10325,2026-01-17,00021,PROD_004,CMP-01,Retail / Tiendas,3,380.0,57.0,1140.0,1083.0,COMPLETED
ORD-10326,2026-01-17,00011,PROD_004,CMP-01,Mayorista / B2B,23,380.0,874.0,8740.0,7866.0,COMPLETED
ORD-10327,2026-01-17,00019,PROD_005,CMP-01,Retail / Tiendas,3,650.0,0.0,1950.0,1950.0,COMPLETED
ORD-10328,2026-01-17,00064,PROD_003,,Mayorista / B2B,6,750.0,225.0,4500.0,4275.0,COMPLETED
ORD-10329,2026-01-17,00005,PROD_001,CMP-01,Retail / Tiendas,1,4500.0,450.0,4500.0,4050.0,CANCELLED
ORD-10330,2026-01-17,00052,PROD_008,CMP-01,Online / Directo,2,1400.0,140.0,2800.0,2660.0,COMPLETED
ORD-10331,2026-01-17,00015,PROD_003,,Retail / Tiendas,3,750.0,337.5,2250.0,1912.5,COMPLETED
ORD-10332,2026-01-17,00051,PROD_007,CMP-01,Retail / Tiendas,3,120.0,18.0,360.0,342.0,COMPLETED
ORD-10333,2026-01-17,00045,PROD_001,CMP-01,Mayorista / B2B,21,4500.0,9450.0,94500.0,85050.0,COMPLETED
ORD-10334,2026-01-17,00013,PROD_007,,Mayorista / B2B,18,120.0,0.0,2160.0,2160.0,COMPLETED
ORD-10335,2026-01-17,00067,PROD_006,CMP-01,Mayorista / B2B,14,55.0,0.0,770.0,770.0,COMPLETED
ORD-10336,2026-01-17,00056,PROD_006,,Mayorista / B2B,19,55.0,156.75,1045.0,888.25,COMPLETED
ORD-10337,2026-01-17,00067,PROD_001,CMP-01,Mayorista / B2B,8,4500.0,3600.0,36000.0,32400.0,COMPLETED
ORD-10338,2026-01-18,00073,PROD_007,CMP-01,Online / Directo,1,120.0,12.0,120.0,108.0,COMPLETED
ORD-10339,2026-01-18,00004,PROD_006,,Mayorista / B2B,10,55.0,0.0,550.0,550.0,COMPLETED
ORD-10340,2026-01-18,00045,PROD_005,CMP-01,Retail / Tiendas,3,650.0,97.5,1950.0,1852.5,COMPLETED
ORD-10341,2026-01-18,00016,PROD_006,CMP-01,Retail / Tiendas,2,55.0,0.0,110.0,110.0,COMPLETED
ORD-10342,2026-01-18,00008,PROD_007,CMP-01,Mayorista / B2B,18,120.0,0.0,2160.0,2160.0,COMPLETED
ORD-10343,2026-01-18,00017,PROD_001,CMP-01,Online / Directo,2,4500.0,1350.0,9000.0,7650.0,COMPLETED
ORD-10344,2026-01-18,00055,PROD_007,CMP-01,Mayorista / B2B,14,120.0,84.0,1680.0,1596.0,COMPLETED
ORD-10345,2026-01-18,00028,PROD_006,CMP-01,Mayorista / B2B,24,55.0,0.0,1320.0,1320.0,COMPLETED
ORD-10346,2026-01-18,00008,PROD_002,,Online / Directo,3,2100.0,0.0,6300.0,6300.0,COMPLETED
ORD-10347,2026-01-18,00049,PROD_007,CMP-01,Mayorista / B2B,21,120.0,126.0,2520.0,2394.0,COMPLETED
ORD-10348,2026-01-18,00050,PROD_008,CMP-01,Mayorista / B2B,13,1400.0,0.0,18200.0,18200.0,CANCELLED
ORD-10349,2026-01-18,00019,PROD_001,,Online / Directo,3,4500.0,1350.0,13500.0,12150.0,COMPLETED
ORD-10350,2026-01-18,00070,PROD_008,CMP-01,Mayorista / B2B,16,1400.0,1120.0,22400.0,21280.0,COMPLETED
ORD-10351,2026-01-18,00055,PROD_002,,Online / Directo,3,2100.0,0.0,6300.0,6300.0,COMPLETED
ORD-10352,2026-01-18,00017,PROD_004,CMP-01,Retail / Tiendas,3,380.0,171.0,1140.0,969.0,COMPLETED
ORD-10353,2026-01-18,00017,PROD_005,CMP-01,Online / Directo,2,650.0,195.0,1300.0,1105.0,COMPLETED
ORD-10354,2026-01-18,00078,PROD_003,CMP-01,Mayorista / B2B,16,750.0,0.0,12000.0,12000.0,COMPLETED
ORD-10355,2026-01-18,00002,PROD_008,,Mayorista / B2B,13,1400.0,910.0,18200.0,17290.0,COMPLETED
ORD-10356,2026-01-18,00045,PROD_005,CMP-01,Retail / Tiendas,2,650.0,0.0,1300.0,1300.0,COMPLETED
ORD-10357,2026-01-19,00021,PROD_004,CMP-01,Retail / Tiendas,2,380.0,0.0,760.0,760.0,COMPLETED
ORD-10358,2026-01-19,00054,PROD_002,CMP-01,Mayorista / B2B,16,2100.0,0.0,33600.0,33600.0,COMPLETED
ORD-10359,2026-01-19,00014,PROD_002,CMP-01,Online / Directo,3,2100.0,0.0,6300.0,6300.0,COMPLETED
ORD-10360,2026-01-19,00043,PROD_001,,Mayorista / B2B,8,4500.0,0.0,36000.0,36000.0,COMPLETED
ORD-10361,2026-01-19,00058,PROD_004,CMP-01,Mayorista / B2B,14,380.0,532.0,5320.0,4788.0,COMPLETED
ORD-10362,2026-01-19,00025,PROD_001,CMP-01,Mayorista / B2B,11,4500.0,0.0,49500.0,49500.0,COMPLETED
ORD-10363,2026-01-19,00007,PROD_004,,Retail / Tiendas,3,380.0,57.0,1140.0,1083.0,COMPLETED
ORD-10364,2026-01-19,00045,PROD_006,,Mayorista / B2B,8,55.0,44.0,440.0,396.0,COMPLETED
ORD-10365,2026-01-19,00044,PROD_002,CMP-01,Retail / Tiendas,2,2100.0,630.0,4200.0,3570.0,COMPLETED
ORD-10366,2026-01-19,00032,PROD_004,CMP-01,Retail / Tiendas,2,380.0,0.0,760.0,760.0,COMPLETED
ORD-10367,2026-01-19,00010,PROD_003,CMP-01,Retail / Tiendas,1,750.0,0.0,750.0,750.0,REFUNDED
ORD-10368,2026-01-19,00075,PROD_003,CMP-01,Mayorista / B2B,5,750.0,0.0,3750.0,3750.0,COMPLETED
ORD-10369,2026-01-19,00046,PROD_002,,Online / Directo,2,2100.0,0.0,4200.0,4200.0,COMPLETED
ORD-10370,2026-01-19,00050,PROD_006,,Mayorista / B2B,6,55.0,0.0,330.0,330.0,COMPLETED
ORD-10371,2026-01-19,00062,PROD_002,CMP-01,Mayorista / B2B,18,2100.0,1890.0,37800.0,35910.0,COMPLETED
ORD-10372,2026-01-19,00044,PROD_005,,Mayorista / B2B,15,650.0,487.5,9750.0,9262.5,COMPLETED
ORD-10373,2026-01-19,00070,PROD_001,CMP-01,Mayorista / B2B,20,4500.0,4500.0,90000.0,85500.0,COMPLETED
ORD-10374,2026-01-19,00076,PROD_003,CMP-01,Retail / Tiendas,1,750.0,0.0,750.0,750.0,COMPLETED
ORD-10375,2026-01-19,00004,PROD_004,,Online / Directo,3,380.0,57.0,1140.0,1083.0,COMPLETED
ORD-10376,2026-01-19,00034,PROD_007,CMP-01,Online / Directo,1,120.0,12.0,120.0,108.0,COMPLETED
ORD-10377,2026-01-20,00044,PROD_001,,Retail / Tiendas,1,4500.0,0.0,4500.0,4500.0,COMPLETED
ORD-10378,2026-01-20,00042,PROD_004,CMP-01,Retail / Tiendas,2,380.0,38.0,760.0,722.0,COMPLETED
ORD-10379,2026-01-20,00013,PROD_005,,Mayorista / B2B,14,650.0,1365.0,9100.0,7735.0,COMPLETED
ORD-10380,2026-01-20,00071,PROD_001,,Retail / Tiendas,3,4500.0,0.0,13500.0,13500.0,COMPLETED
ORD-10381,2026-01-20,00078,PROD_001,CMP-01,Retail / Tiendas,2,4500.0,1350.0,9000.0,7650.0,COMPLETED
ORD-10382,2026-01-20,00001,PROD_002,CMP-01,Online / Directo,2,2100.0,630.0,4200.0,3570.0,COMPLETED
ORD-10383,2026-01-20,00065,PROD_001,CMP-01,Mayorista / B2B,6,4500.0,1350.0,27000.0,25650.0,COMPLETED
ORD-10384,2026-01-20,00021,PROD_003,CMP-01,Retail / Tiendas,2,750.0,150.0,1500.0,1350.0,COMPLETED
ORD-10385,2026-01-20,00005,PROD_005,CMP-01,Online / Directo,2,650.0,130.0,1300.0,1170.0,COMPLETED
ORD-10386,2026-01-20,00041,PROD_008,,Retail / Tiendas,3,1400.0,210.0,4200.0,3990.0,COMPLETED
ORD-10387,2026-01-20,00037,PROD_001,CMP-01,Mayorista / B2B,7,4500.0,0.0,31500.0,31500.0,COMPLETED
ORD-10388,2026-01-20,00024,PROD_002,CMP-01,Retail / Tiendas,3,2100.0,315.0,6300.0,5985.0,COMPLETED
ORD-10389,2026-01-20,00053,PROD_006,CMP-01,Online / Directo,1,55.0,0.0,55.0,55.0,COMPLETED
ORD-10390,2026-01-20,00007,PROD_007,,Online / Directo,2,120.0,0.0,240.0,240.0,COMPLETED
ORD-10391,2026-01-20,00076,PROD_006,,Mayorista / B2B,23,55.0,63.25,1265.0,1201.75,COMPLETED
ORD-10392,2026-01-20,00062,PROD_005,CMP-01,Mayorista / B2B,20,650.0,1300.0,13000.0,11700.0,COMPLETED
ORD-10393,2026-01-20,00039,PROD_008,,Online / Directo,2,1400.0,0.0,2800.0,2800.0,COMPLETED
ORD-10394,2026-01-20,00074,PROD_008,CMP-01,Retail / Tiendas,3,1400.0,0.0,4200.0,4200.0,COMPLETED
ORD-10395,2026-01-20,00017,PROD_004,CMP-01,Retail / Tiendas,3,380.0,57.0,1140.0,1083.0,COMPLETED
ORD-10396,2026-01-20,00036,PROD_001,CMP-01,Retail / Tiendas,1,4500.0,0.0,4500.0,4500.0,COMPLETED
ORD-10397,2026-01-20,00023,PROD_002,CMP-01,Online / Directo,3,2100.0,630.0,6300.0,5670.0,COMPLETED
ORD-10398,2026-01-21,00006,PROD_004,,Mayorista / B2B,24,380.0,0.0,9120.0,9120.0,COMPLETED
ORD-10399,2026-01-21,00064,PROD_001,,Mayorista / B2B,21,4500.0,0.0,94500.0,94500.0,COMPLETED
ORD-10400,2026-01-21,00043,PROD_004,,Mayorista / B2B,7,380.0,0.0,2660.0,2660.0,COMPLETED
ORD-10401,2026-01-21,00059,PROD_005,CMP-01,Mayorista / B2B,23,650.0,747.5,14950.0,14202.5,COMPLETED
ORD-10402,2026-01-21,00080,PROD_006,CMP-01,Mayorista / B2B,12,55.0,0.0,660.0,660.0,COMPLETED
ORD-10403,2026-01-21,00074,PROD_001,CMP-01,Mayorista / B2B,24,4500.0,5400.0,108000.0,102600.0,COMPLETED
ORD-10404,2026-01-21,00072,PROD_007,,Retail / Tiendas,2,120.0,12.0,240.0,228.0,COMPLETED
ORD-10405,2026-01-21,00080,PROD_008,CMP-01,Mayorista / B2B,5,1400.0,350.0,7000.0,6650.0,COMPLETED
ORD-10406,2026-01-21,00005,PROD_001,CMP-01,Retail / Tiendas,2,4500.0,450.0,9000.0,8550.0,COMPLETED
ORD-10407,2026-01-21,00069,PROD_003,,Mayorista / B2B,6,750.0,0.0,4500.0,4500.0,COMPLETED
ORD-10408,2026-01-21,00014,PROD_007,,Retail / Tiendas,3,120.0,36.0,360.0,324.0,COMPLETED
ORD-10409,2026-01-21,00057,PROD_008,CMP-01,Online / Directo,2,1400.0,0.0,2800.0,2800.0,CANCELLED
ORD-10410,2026-01-21,00041,PROD_005,CMP-01,Online / Directo,2,650.0,65.0,1300.0,1235.0,COMPLETED
ORD-10411,2026-01-21,00010,PROD_002,,Mayorista / B2B,7,2100.0,0.0,14700.0,14700.0,COMPLETED
ORD-10412,2026-01-21,00039,PROD_003,CMP-01,Retail / Tiendas,1,750.0,112.5,750.0,637.5,COMPLETED
ORD-10413,2026-01-21,00066,PROD_006,CMP-01,Retail / Tiendas,1,55.0,0.0,55.0,55.0,CANCELLED
ORD-10414,2026-01-21,00048,PROD_006,CMP-01,Retail / Tiendas,1,55.0,2.75,55.0,52.25,COMPLETED
ORD-10415,2026-01-21,00010,PROD_005,CMP-01,Mayorista / B2B,19,650.0,0.0,12350.0,12350.0,COMPLETED
ORD-10416,2026-01-21,00030,PROD_001,CMP-01,Retail / Tiendas,1,4500.0,0.0,4500.0,4500.0,COMPLETED
ORD-10417,2026-01-21,00001,PROD_002,,Retail / Tiendas,1,2100.0,210.0,2100.0,1890.0,COMPLETED
ORD-10418,2026-01-21,00027,PROD_006,,Mayorista / B2B,22,55.0,0.0,1210.0,1210.0,COMPLETED
ORD-10419,2026-01-21,00073,PROD_003,,Mayorista / B2B,23,750.0,862.5,17250.0,16387.5,COMPLETED
ORD-10420,2026-01-21,00040,PROD_007,,Retail / Tiendas,1,120.0,,120.0,108.0,COMPLETED
ORD-10421,2026-01-22,00069,PROD_003,CMP-01,Mayorista / B2B,20,750.0,2250.0,15000.0,12750.0,COMPLETED
ORD-10422,2026-01-22,00016,PROD_002,,Retail / Tiendas,2,2100.0,630.0,4200.0,3570.0,COMPLETED
ORD-10423,2026-01-22,00077,PROD_008,CMP-01,Online / Directo,2,1400.0,0.0,2800.0,2800.0,COMPLETED
ORD-10424,2026-01-22,00073,PROD_005,,Mayorista / B2B,10,650.0,650.0,6500.0,5850.0,COMPLETED
ORD-10425,2026-01-22,00056,PROD_003,,Online / Directo,1,750.0,0.0,750.0,750.0,COMPLETED
ORD-10426,2026-01-22,00037,PROD_007,CMP-01,Retail / Tiendas,2,120.0,,240.0,216.0,COMPLETED
ORD-10427,2026-01-22,00007,PROD_005,CMP-01,Mayorista / B2B,15,650.0,0.0,9750.0,9750.0,COMPLETED
ORD-10428,2026-01-22,00001,PROD_006,,Mayorista / B2B,10,55.0,0.0,550.0,550.0,COMPLETED
ORD-10429,2026-01-22,00067,PROD_005,CMP-01,Retail / Tiendas,3,650.0,97.5,1950.0,1852.5,COMPLETED
ORD-10430,2026-01-22,00056,PROD_002,CMP-01,Mayorista / B2B,24,2100.0,5040.0,50400.0,45360.0,COMPLETED
ORD-10431,2026-01-22,00049,PROD_002,CMP-01,Retail / Tiendas,2,2100.0,630.0,4200.0,3570.0,COMPLETED
ORD-10432,2026-01-22,00035,PROD_007,,Retail / Tiendas,2,120.0,12.0,240.0,228.0,COMPLETED
ORD-10433,2026-01-22,00030,PROD_001,,Retail / Tiendas,3,4500.0,675.0,13500.0,12825.0,COMPLETED
ORD-10434,2026-01-22,00023,PROD_005,CMP-01,Retail / Tiendas,1,650.0,32.5,650.0,617.5,COMPLETED
ORD-10435,2026-01-22,00033,PROD_006,,Mayorista / B2B,21,55.0,0.0,1155.0,1155.0,COMPLETED
ORD-10436,2026-01-23,00073,PROD_002,CMP-01,Mayorista / B2B,15,2100.0,0.0,31500.0,31500.0,COMPLETED
ORD-10437,2026-01-23,00028,PROD_008,,Mayorista / B2B,12,1400.0,2520.0,16800.0,14280.0,COMPLETED
ORD-10438,2026-01-23,00040,PROD_007,CMP-01,Retail / Tiendas,2,120.0,0.0,240.0,240.0,COMPLETED
ORD-10439,2026-01-23,00048,PROD_007,,Retail / Tiendas,1,120.0,6.0,120.0,114.0,COMPLETED
ORD-10440,2026-01-23,00017,PROD_007,CMP-01,Online / Directo,1,120.0,0.0,120.0,120.0,COMPLETED
ORD-10441,2026-01-23,00062,PROD_001,CMP-01,Mayorista / B2B,15,4500.0,0.0,67500.0,67500.0,COMPLETED
ORD-10442,2026-01-23,00016,PROD_001,,Retail / Tiendas,2,4500.0,450.0,9000.0,8550.0,COMPLETED
ORD-10443,2026-01-23,00051,PROD_006,,Online / Directo,1,55.0,2.75,55.0,52.25,COMPLETED
ORD-10444,2026-01-23,00011,PROD_005,,Retail / Tiendas,2,650.0,0.0,1300.0,1300.0,COMPLETED
ORD-10445,2026-01-23,00022,PROD_006,,Mayorista / B2B,16,55.0,0.0,880.0,880.0,COMPLETED
ORD-10446,2026-01-23,00066,PROD_005,,Online / Directo,1,650.0,,650.0,552.5,COMPLETED
ORD-10447,2026-01-23,00003,PROD_006,CMP-01,Mayorista / B2B,18,55.0,0.0,990.0,990.0,COMPLETED
ORD-10448,2026-01-23,00030,PROD_003,CMP-01,Retail / Tiendas,2,750.0,75.0,1500.0,1425.0,COMPLETED
ORD-10449,2026-01-23,00079,PROD_008,CMP-01,Retail / Tiendas,1,1400.0,70.0,1400.0,1330.0,COMPLETED
ORD-10450,2026-01-23,00058,PROD_004,,Mayorista / B2B,21,380.0,0.0,7980.0,7980.0,COMPLETED
ORD-10451,2026-01-23,00006,PROD_005,CMP-01,Retail / Tiendas,2,650.0,195.0,1300.0,1105.0,COMPLETED
ORD-10452,2026-01-23,00062,PROD_002,CMP-01,Online / Directo,2,2100.0,0.0,4200.0,4200.0,COMPLETED
ORD-10453,2026-01-24,00059,PROD_002,CMP-01,Mayorista / B2B,16,2100.0,1680.0,33600.0,31920.0,COMPLETED
ORD-10454,2026-01-24,00023,PROD_002,CMP-01,Mayorista / B2B,21,2100.0,0.0,44100.0,44100.0,COMPLETED
ORD-10455,2026-01-24,00001,PROD_006,CMP-01,Retail / Tiendas,1,55.0,5.5,55.0,49.5,COMPLETED
ORD-10456,2026-01-24,00074,PROD_007,,Online / Directo,1,120.0,12.0,120.0,108.0,COMPLETED
ORD-10457,2026-01-24,00076,PROD_001,CMP-01,Mayorista / B2B,12,4500.0,0.0,54000.0,54000.0,COMPLETED
ORD-10458,2026-01-24,00005,PROD_004,,Mayorista / B2B,18,380.0,342.0,6840.0,6498.0,COMPLETED
ORD-10459,2026-01-24,00029,PROD_007,,Mayorista / B2B,12,120.0,72.0,1440.0,1368.0,COMPLETED
ORD-10460,2026-01-24,00038,PROD_008,,Retail / Tiendas,3,1400.0,630.0,4200.0,3570.0,COMPLETED
ORD-10461,2026-01-24,00035,PROD_007,,Online / Directo,3,120.0,0.0,360.0,360.0,COMPLETED
ORD-10462,2026-01-24,00054,PROD_003,CMP-01,Online / Directo,2,750.0,,1500.0,1500.0,COMPLETED
ORD-10463,2026-01-24,00049,PROD_008,CMP-01,Retail / Tiendas,3,1400.0,420.0,4200.0,3780.0,COMPLETED
ORD-10464,2026-01-24,00010,PROD_003,,Online / Directo,1,750.0,0.0,750.0,750.0,COMPLETED
ORD-10465,2026-01-24,00025,PROD_004,,Mayorista / B2B,20,380.0,380.0,7600.0,7220.0,COMPLETED
ORD-10466,2026-01-24,00059,PROD_005,,Retail / Tiendas,3,650.0,0.0,1950.0,1950.0,COMPLETED
ORD-10467,2026-01-24,00014,PROD_003,,Online / Directo,3,750.0,225.0,2250.0,2025.0,COMPLETED
ORD-10468,2026-01-24,00044,PROD_005,,Online / Directo,3,650.0,97.5,1950.0,1852.5,COMPLETED
ORD-10469,2026-01-24,00064,PROD_007,CMP-01,Mayorista / B2B,8,120.0,0.0,960.0,960.0,COMPLETED
ORD-10470,2026-01-24,00046,PROD_006,,Retail / Tiendas,2,55.0,0.0,110.0,110.0,COMPLETED
ORD-10471,2026-01-24,00020,PROD_006,CMP-01,Online / Directo,2,55.0,5.5,110.0,104.5,COMPLETED
ORD-10472,2026-01-24,00066,PROD_004,CMP-01,Retail / Tiendas,2,380.0,38.0,760.0,722.0,COMPLETED
ORD-10473,2026-01-24,00040,PROD_002,,Mayorista / B2B,21,2100.0,2205.0,44100.0,41895.0,COMPLETED
ORD-10474,2026-01-24,00045,PROD_003,,Mayorista / B2B,19,750.0,712.5,14250.0,13537.5,COMPLETED
ORD-10475,2026-01-24,00051,PROD_004,,Mayorista / B2B,9,380.0,342.0,3420.0,3078.0,COMPLETED
ORD-10476,2026-01-25,00020,PROD_004,,Mayorista / B2B,11,380.0,0.0,4180.0,4180.0,COMPLETED
ORD-10477,2026-01-25,00011,PROD_002,CMP-01,Mayorista / B2B,22,2100.0,0.0,46200.0,46200.0,COMPLETED
ORD-10478,2026-01-25,00032,PROD_004,,Online / Directo,3,380.0,0.0,1140.0,1140.0,CANCELLED
ORD-10479,2026-01-25,00056,PROD_007,CMP-01,Mayorista / B2B,12,120.0,,1440.0,1440.0,COMPLETED
ORD-10480,2026-01-25,00028,PROD_001,CMP-01,Online / Directo,1,4500.0,0.0,4500.0,4500.0,CANCELLED
ORD-10481,2026-01-25,00038,PROD_007,,Retail / Tiendas,3,120.0,0.0,360.0,360.0,COMPLETED
ORD-10482,2026-01-25,00062,PROD_005,CMP-01,Retail / Tiendas,2,650.0,,1300.0,1170.0,COMPLETED
ORD-10483,2026-01-25,00017,PROD_001,CMP-01,Mayorista / B2B,14,4500.0,6300.0,63000.0,56700.0,COMPLETED
ORD-10484,2026-01-25,00048,PROD_002,CMP-01,Retail / Tiendas,3,2100.0,,6300.0,5355.0,COMPLETED
ORD-10485,2026-01-25,00013,PROD_001,CMP-01,Mayorista / B2B,13,4500.0,8775.0,58500.0,49725.0,COMPLETED
ORD-10486,2026-01-25,00076,PROD_004,,Retail / Tiendas,2,380.0,76.0,760.0,684.0,COMPLETED
ORD-10487,2026-01-25,00068,PROD_003,CMP-01,Mayorista / B2B,12,750.0,0.0,9000.0,9000.0,CANCELLED
ORD-10488,2026-01-25,00014,PROD_007,CMP-01,Retail / Tiendas,2,120.0,0.0,240.0,240.0,COMPLETED
ORD-10489,2026-01-25,00038,PROD_008,,Mayorista / B2B,7,1400.0,0.0,9800.0,9800.0,COMPLETED
ORD-10490,2026-01-25,00072,PROD_007,,Online / Directo,2,120.0,0.0,240.0,240.0,COMPLETED
ORD-10491,2026-01-25,00049,PROD_003,CMP-01,Mayorista / B2B,9,750.0,0.0,6750.0,6750.0,COMPLETED
ORD-10492,2026-01-25,00022,PROD_004,CMP-01,Online / Directo,1,380.0,19.0,380.0,361.0,COMPLETED
ORD-10493,2026-01-25,00036,PROD_001,CMP-01,Mayorista / B2B,5,4500.0,0.0,22500.0,22500.0,COMPLETED
ORD-10494,2026-01-25,00046,PROD_008,CMP-01,Mayorista / B2B,12,1400.0,,16800.0,14280.0,COMPLETED
ORD-10495,2026-01-26,00002,PROD_006,,Retail / Tiendas,2,55.0,5.5,110.0,104.5,COMPLETED
ORD-10496,2026-01-26,00013,PROD_003,,Retail / Tiendas,1,750.0,75.0,750.0,675.0,COMPLETED
ORD-10497,2026-01-26,00052,PROD_002,CMP-01,Retail / Tiendas,3,2100.0,0.0,6300.0,6300.0,COMPLETED
ORD-10498,2026-01-26,00001,PROD_004,CMP-01,Online / Directo,3,380.0,114.0,1140.0,1026.0,COMPLETED
ORD-10499,2026-01-26,00057,PROD_008,,Retail / Tiendas,3,1400.0,0.0,4200.0,4200.0,COMPLETED
ORD-10500,2026-01-26,00043,PROD_007,,Retail / Tiendas,1,120.0,0.0,120.0,120.0,COMPLETED
ORD-10501,2026-01-26,00050,PROD_006,CMP-01,Online / Directo,1,55.0,2.75,55.0,52.25,COMPLETED
ORD-10502,2026-01-26,00049,PROD_005,,Mayorista / B2B,23,650.0,0.0,14950.0,14950.0,COMPLETED
ORD-10503,2026-01-26,00056,PROD_006,CMP-01,Retail / Tiendas,2,55.0,5.5,110.0,104.5,COMPLETED
ORD-10504,2026-01-26,00036,PROD_002,,Online / Directo,1,2100.0,0.0,2100.0,2100.0,COMPLETED
ORD-10505,2026-01-26,00058,PROD_004,,Online / Directo,3,380.0,0.0,1140.0,1140.0,COMPLETED
ORD-10506,2026-01-26,00063,PROD_004,CMP-01,Online / Directo,2,380.0,114.0,760.0,646.0,COMPLETED
ORD-10507,2026-01-26,00014,PROD_005,CMP-01,Retail / Tiendas,1,650.0,97.5,650.0,552.5,COMPLETED
ORD-10508,2026-01-26,00020,PROD_008,CMP-01,Online / Directo,2,1400.0,0.0,2800.0,2800.0,COMPLETED
ORD-10509,2026-01-26,00035,PROD_004,CMP-01,Retail / Tiendas,1,380.0,19.0,380.0,361.0,COMPLETED
ORD-10510,2026-01-26,00004,PROD_007,,Online / Directo,3,120.0,0.0,360.0,360.0,COMPLETED
ORD-10511,2026-01-26,00049,PROD_004,CMP-01,Retail / Tiendas,2,380.0,0.0,760.0,760.0,COMPLETED
ORD-10512,2026-01-26,00052,PROD_007,CMP-01,Online / Directo,2,120.0,12.0,240.0,228.0,COMPLETED
ORD-10513,2026-01-26,00047,PROD_007,,Mayorista / B2B,8,120.0,48.0,960.0,912.0,COMPLETED
ORD-10514,2026-01-26,00040,PROD_002,,Retail / Tiendas,2,2100.0,0.0,4200.0,4200.0,COMPLETED
ORD-10515,2026-01-26,00053,PROD_007,CMP-01,Mayorista / B2B,9,120.0,0.0,1080.0,1080.0,REFUNDED
ORD-10516,2026-01-26,00065,PROD_008,CMP-01,Retail / Tiendas,3,1400.0,210.0,4200.0,3990.0,COMPLETED
ORD-10517,2026-01-26,00063,PROD_008,,Retail / Tiendas,1,1400.0,,1400.0,1400.0,COMPLETED
ORD-10518,2026-01-27,00034,PROD_007,CMP-01,Mayorista / B2B,24,120.0,0.0,2880.0,2880.0,COMPLETED
ORD-10519,2026-01-27,00063,PROD_002,CMP-01,Retail / Tiendas,2,2100.0,420.0,4200.0,3780.0,COMPLETED
ORD-10520,2026-01-27,00062,PROD_007,CMP-01,Retail / Tiendas,1,120.0,0.0,120.0,120.0,COMPLETED
ORD-10521,2026-01-27,00006,PROD_003,CMP-01,Retail / Tiendas,2,750.0,0.0,1500.0,1500.0,COMPLETED
ORD-10522,2026-01-27,00031,PROD_005,CMP-01,Retail / Tiendas,3,650.0,0.0,1950.0,1950.0,COMPLETED
ORD-10523,2026-01-27,00047,PROD_005,,Retail / Tiendas,2,650.0,0.0,1300.0,1300.0,COMPLETED
ORD-10524,2026-01-27,00014,PROD_006,CMP-01,Retail / Tiendas,1,55.0,0.0,55.0,55.0,COMPLETED
ORD-10525,2026-01-27,00035,PROD_001,CMP-01,Mayorista / B2B,7,4500.0,0.0,31500.0,31500.0,COMPLETED
ORD-10526,2026-01-27,00061,PROD_005,CMP-01,Online / Directo,1,650.0,65.0,650.0,585.0,CANCELLED
ORD-10527,2026-01-27,00014,PROD_005,CMP-01,Retail / Tiendas,3,650.0,0.0,1950.0,1950.0,COMPLETED
ORD-10528,2026-01-27,00045,PROD_002,CMP-01,Mayorista / B2B,17,2100.0,1785.0,35700.0,33915.0,COMPLETED
ORD-10529,2026-01-27,00045,PROD_002,CMP-01,Mayorista / B2B,12,2100.0,0.0,25200.0,25200.0,COMPLETED
ORD-10530,2026-01-27,00030,PROD_002,CMP-01,Mayorista / B2B,10,2100.0,1050.0,21000.0,19950.0,COMPLETED
ORD-10531,2026-01-27,00045,PROD_007,CMP-01,Online / Directo,1,120.0,0.0,120.0,120.0,CANCELLED
ORD-10532,2026-01-27,00006,PROD_008,CMP-01,Retail / Tiendas,2,1400.0,280.0,2800.0,2520.0,COMPLETED
ORD-10533,2026-01-27,00063,PROD_003,,Retail / Tiendas,2,750.0,0.0,1500.0,1500.0,CANCELLED
ORD-10534,2026-01-27,00005,PROD_008,CMP-01,Retail / Tiendas,2,1400.0,280.0,2800.0,2520.0,COMPLETED
ORD-10535,2026-01-27,00077,PROD_003,,Retail / Tiendas,2,750.0,0.0,1500.0,1500.0,COMPLETED
ORD-10536,2026-01-27,00073,PROD_007,CMP-01,Mayorista / B2B,14,120.0,84.0,1680.0,1596.0,COMPLETED
ORD-10537,2026-01-27,00028,PROD_002,,Mayorista / B2B,17,2100.0,1785.0,35700.0,33915.0,COMPLETED
ORD-10538,2026-01-27,00041,PROD_001,CMP-01,Retail / Tiendas,2,4500.0,0.0,9000.0,9000.0,COMPLETED
ORD-10539,2026-01-27,00045,PROD_007,CMP-01,Online / Directo,3,120.0,,360.0,360.0,COMPLETED
ORD-10540,2026-01-27,00075,PROD_008,,Online / Directo,1,1400.0,0.0,1400.0,1400.0,COMPLETED
ORD-10541,2026-01-27,00047,PROD_007,,Retail / Tiendas,2,120.0,12.0,240.0,228.0,COMPLETED
ORD-10542,2026-01-28,00046,PROD_007,CMP-01,Online / Directo,1,120.0,12.0,120.0,108.0,COMPLETED
ORD-10543,2026-01-28,00069,PROD_002,CMP-01,Online / Directo,2,2100.0,0.0,4200.0,4200.0,COMPLETED
ORD-10544,2026-01-28,00052,PROD_004,CMP-01,Retail / Tiendas,1,380.0,0.0,380.0,380.0,COMPLETED
ORD-10545,2026-01-28,00021,PROD_008,CMP-01,Mayorista / B2B,9,1400.0,1260.0,12600.0,11340.0,COMPLETED
ORD-10546,2026-01-28,00022,PROD_008,CMP-01,Mayorista / B2B,20,1400.0,0.0,28000.0,28000.0,COMPLETED
ORD-10547,2026-01-28,00043,PROD_006,,Online / Directo,2,55.0,0.0,110.0,110.0,COMPLETED
ORD-10548,2026-01-28,00019,PROD_006,CMP-01,Mayorista / B2B,10,55.0,55.0,550.0,495.0,COMPLETED
ORD-10549,2026-01-28,00005,PROD_004,CMP-01,Mayorista / B2B,15,380.0,0.0,5700.0,5700.0,COMPLETED
ORD-10550,2026-01-28,00007,PROD_004,,Online / Directo,3,380.0,0.0,1140.0,1140.0,COMPLETED
ORD-10551,2026-01-28,00053,PROD_008,,Retail / Tiendas,2,1400.0,0.0,2800.0,2800.0,COMPLETED
ORD-10552,2026-01-28,00016,PROD_006,,Retail / Tiendas,3,55.0,24.75,165.0,140.25,COMPLETED
ORD-10553,2026-01-28,00026,PROD_007,CMP-01,Retail / Tiendas,2,120.0,0.0,240.0,240.0,COMPLETED
ORD-10554,2026-01-28,00053,PROD_002,CMP-01,Retail / Tiendas,3,2100.0,0.0,6300.0,6300.0,COMPLETED
ORD-10555,2026-01-28,00043,PROD_003,,Online / Directo,1,750.0,0.0,750.0,750.0,COMPLETED
ORD-10556,2026-01-28,00002,PROD_004,,Retail / Tiendas,2,380.0,0.0,760.0,760.0,COMPLETED
ORD-10557,2026-01-28,00040,PROD_001,CMP-01,Retail / Tiendas,1,4500.0,225.0,4500.0,4275.0,COMPLETED
ORD-10558,2026-01-28,00057,PROD_004,CMP-01,Mayorista / B2B,22,380.0,0.0,8360.0,8360.0,COMPLETED
ORD-10559,2026-01-28,00040,PROD_001,CMP-01,Online / Directo,2,4500.0,,9000.0,9000.0,COMPLETED
ORD-10560,2026-01-28,00065,PROD_003,,Retail / Tiendas,2,750.0,0.0,1500.0,1500.0,COMPLETED
ORD-10561,2026-01-28,00028,PROD_004,CMP-01,Online / Directo,1,380.0,0.0,380.0,380.0,COMPLETED
ORD-10562,2026-01-28,00034,PROD_008,,Mayorista / B2B,16,1400.0,0.0,22400.0,22400.0,COMPLETED
ORD-10563,2026-01-28,00061,PROD_004,,Retail / Tiendas,1,380.0,0.0,380.0,380.0,COMPLETED
ORD-10564,2026-01-29,00016,PROD_003,CMP-01,Mayorista / B2B,9,750.0,,6750.0,6412.5,COMPLETED
ORD-10565,2026-01-29,00016,PROD_001,CMP-01,Retail / Tiendas,1,4500.0,450.0,4500.0,4050.0,COMPLETED
ORD-10566,2026-01-29,00054,PROD_007,,Online / Directo,2,120.0,0.0,240.0,240.0,COMPLETED
ORD-10567,2026-01-29,00043,PROD_001,CMP-01,Mayorista / B2B,7,4500.0,0.0,31500.0,31500.0,COMPLETED
ORD-10568,2026-01-29,00035,PROD_005,CMP-01,Online / Directo,1,650.0,32.5,650.0,617.5,COMPLETED
ORD-10569,2026-01-29,00072,PROD_007,CMP-01,Online / Directo,1,120.0,0.0,120.0,120.0,COMPLETED
ORD-10570,2026-01-29,00029,PROD_006,,Mayorista / B2B,20,55.0,165.0,1100.0,935.0,COMPLETED
ORD-10571,2026-01-29,00066,PROD_005,CMP-01,Mayorista / B2B,24,650.0,780.0,15600.0,14820.0,COMPLETED
ORD-10572,2026-01-29,00076,PROD_004,CMP-01,Mayorista / B2B,17,380.0,0.0,6460.0,6460.0,COMPLETED
ORD-10573,2026-01-29,00043,PROD_005,CMP-01,Mayorista / B2B,17,650.0,0.0,11050.0,11050.0,COMPLETED
ORD-10574,2026-01-29,00072,PROD_004,CMP-01,Online / Directo,2,380.0,38.0,760.0,722.0,COMPLETED
ORD-10575,2026-01-29,00056,PROD_003,CMP-01,Retail / Tiendas,3,750.0,,2250.0,1912.5,COMPLETED
ORD-10576,2026-01-29,00011,PROD_006,CMP-01,Mayorista / B2B,6,55.0,0.0,330.0,330.0,COMPLETED
ORD-10577,2026-01-29,00065,PROD_003,CMP-01,Retail / Tiendas,3,750.0,0.0,2250.0,2250.0,COMPLETED
ORD-10578,2026-01-29,00012,PROD_002,,Online / Directo,2,2100.0,,4200.0,3990.0,COMPLETED
ORD-10579,2026-01-29,00013,PROD_001,,Mayorista / B2B,24,4500.0,5400.0,108000.0,102600.0,COMPLETED
ORD-10580,2026-01-29,00054,PROD_001,,Mayorista / B2B,17,4500.0,0.0,76500.0,76500.0,COMPLETED
ORD-10581,2026-01-29,00036,PROD_006,CMP-01,Mayorista / B2B,18,55.0,0.0,990.0,990.0,COMPLETED
ORD-10582,2026-01-29,00045,PROD_007,CMP-01,Online / Directo,2,120.0,24.0,240.0,216.0,COMPLETED
ORD-10583,2026-01-29,00038,PROD_008,CMP-01,Mayorista / B2B,14,1400.0,980.0,19600.0,18620.0,COMPLETED
ORD-10584,2026-01-29,00050,PROD_006,,Mayorista / B2B,24,55.0,,1320.0,1320.0,COMPLETED
ORD-10585,2026-01-30,00004,PROD_001,CMP-01,Mayorista / B2B,11,4500.0,2475.0,49500.0,47025.0,COMPLETED
ORD-10586,2026-01-30,00050,PROD_004,CMP-01,Online / Directo,3,380.0,57.0,1140.0,1083.0,COMPLETED
ORD-10587,2026-01-30,00047,PROD_003,CMP-01,Online / Directo,3,750.0,0.0,2250.0,2250.0,COMPLETED
ORD-10588,2026-01-30,00004,PROD_006,,Retail / Tiendas,2,55.0,0.0,110.0,110.0,COMPLETED
ORD-10589,2026-01-30,00071,PROD_005,CMP-01,Mayorista / B2B,5,650.0,0.0,3250.0,3250.0,REFUNDED
ORD-10590,2026-01-30,00024,PROD_006,,Retail / Tiendas,3,55.0,8.25,165.0,156.75,COMPLETED
ORD-10591,2026-01-30,00012,PROD_006,CMP-01,Retail / Tiendas,2,55.0,0.0,110.0,110.0,REFUNDED
ORD-10592,2026-01-30,00062,PROD_005,CMP-01,Mayorista / B2B,19,650.0,617.5,12350.0,11732.5,COMPLETED
ORD-10593,2026-01-30,00038,PROD_005,CMP-01,Mayorista / B2B,5,650.0,325.0,3250.0,2925.0,COMPLETED
ORD-10594,2026-01-30,00022,PROD_002,CMP-01,Mayorista / B2B,16,2100.0,,33600.0,28560.0,COMPLETED
ORD-10595,2026-01-30,00014,PROD_007,CMP-01,Mayorista / B2B,23,120.0,138.0,2760.0,2622.0,COMPLETED
ORD-10596,2026-01-30,00042,PROD_005,CMP-01,Retail / Tiendas,3,650.0,0.0,1950.0,1950.0,COMPLETED
ORD-10597,2026-01-30,00010,PROD_004,,Mayorista / B2B,19,380.0,361.0,7220.0,6859.0,COMPLETED
ORD-10598,2026-01-30,00008,PROD_007,CMP-01,Online / Directo,2,120.0,0.0,240.0,240.0,COMPLETED
ORD-10599,2026-01-30,00077,PROD_003,CMP-01,Retail / Tiendas,1,750.0,37.5,750.0,712.5,CANCELLED
ORD-10600,2026-01-30,00041,PROD_006,,Mayorista / B2B,21,55.0,57.75,1155.0,1097.25,COMPLETED
ORD-10601,2026-01-30,00050,PROD_004,,Mayorista / B2B,21,380.0,798.0,7980.0,7182.0,COMPLETED
ORD-10602,2026-01-30,00006,PROD_007,CMP-01,Mayorista / B2B,9,120.0,162.0,1080.0,918.0,COMPLETED
ORD-10603,2026-01-31,00063,PROD_001,CMP-01,Retail / Tiendas,3,4500.0,0.0,13500.0,13500.0,COMPLETED
ORD-10604,2026-01-31,00068,PROD_006,CMP-01,Retail / Tiendas,1,55.0,0.0,55.0,55.0,CANCELLED
ORD-10605,2026-01-31,00045,PROD_005,,Mayorista / B2B,9,650.0,0.0,5850.0,5850.0,COMPLETED
ORD-10606,2026-01-31,00047,PROD_007,,Retail / Tiendas,3,120.0,0.0,360.0,360.0,COMPLETED
ORD-10607,2026-01-31,00026,PROD_006,CMP-01,Mayorista / B2B,18,55.0,99.0,990.0,891.0,COMPLETED
ORD-10608,2026-01-31,00023,PROD_008,CMP-01,Online / Directo,2,1400.0,0.0,2800.0,2800.0,COMPLETED
ORD-10609,2026-01-31,00028,PROD_003,,Mayorista / B2B,24,750.0,1800.0,18000.0,16200.0,COMPLETED
ORD-10610,2026-01-31,00080,PROD_006,CMP-01,Mayorista / B2B,17,55.0,46.75,935.0,888.25,COMPLETED
ORD-10611,2026-01-31,00045,PROD_006,,Retail / Tiendas,3,55.0,24.75,165.0,140.25,COMPLETED
ORD-10612,2026-01-31,00023,PROD_003,,Mayorista / B2B,15,750.0,562.5,11250.0,10687.5,COMPLETED
ORD-10613,2026-01-31,00021,PROD_001,CMP-01,Mayorista / B2B,11,4500.0,2475.0,49500.0,47025.0,COMPLETED
ORD-10614,2026-01-31,00042,PROD_007,CMP-01,Mayorista / B2B,22,120.0,0.0,2640.0,2640.0,COMPLETED
ORD-10615,2026-01-31,00021,PROD_002,CMP-01,Mayorista / B2B,12,2100.0,1260.0,25200.0,23940.0,COMPLETED
ORD-10616,2026-01-31,00017,PROD_004,CMP-01,Mayorista / B2B,13,380.0,0.0,4940.0,4940.0,COMPLETED
ORD-10617,2026-01-31,00006,PROD_005,CMP-01,Mayorista / B2B,15,650.0,487.5,9750.0,9262.5,CANCELLED
ORD-10618,2026-01-31,00018,PROD_008,CMP-01,Mayorista / B2B,21,1400.0,0.0,29400.0,29400.0,COMPLETED
ORD-10619,2026-02-01,00016,PROD_002,CMP-02,Mayorista / B2B,23,2100.0,4830.0,48300.0,43470.0,COMPLETED
ORD-10620,2026-02-01,00034,PROD_008,CMP-02,Mayorista / B2B,16,1400.0,2240.0,22400.0,20160.0,COMPLETED
ORD-10621,2026-02-01,00070,PROD_008,CMP-02,Retail / Tiendas,1,1400.0,0.0,1400.0,1400.0,COMPLETED
ORD-10622,2026-02-01,00060,PROD_008,CMP-02,Mayorista / B2B,24,1400.0,0.0,33600.0,33600.0,COMPLETED
ORD-10623,2026-02-01,00026,PROD_004,,Mayorista / B2B,21,380.0,0.0,7980.0,7980.0,COMPLETED
ORD-10624,2026-02-01,00018,PROD_007,,Retail / Tiendas,2,120.0,24.0,240.0,216.0,COMPLETED
ORD-10625,2026-02-01,00067,PROD_008,CMP-02,Mayorista / B2B,18,1400.0,0.0,25200.0,25200.0,COMPLETED
ORD-10626,2026-02-01,00036,PROD_008,,Mayorista / B2B,17,1400.0,1190.0,23800.0,22610.0,COMPLETED
ORD-10627,2026-02-01,00056,PROD_004,,Mayorista / B2B,11,380.0,627.0,4180.0,3553.0,COMPLETED
ORD-10628,2026-02-01,00031,PROD_002,,Retail / Tiendas,3,2100.0,0.0,6300.0,6300.0,COMPLETED
ORD-10629,2026-02-01,00070,PROD_003,,Mayorista / B2B,7,750.0,0.0,5250.0,5250.0,COMPLETED
ORD-10630,2026-02-01,00062,PROD_008,,Mayorista / B2B,13,1400.0,0.0,18200.0,18200.0,COMPLETED
ORD-10631,2026-02-01,00007,PROD_006,CMP-02,Mayorista / B2B,23,55.0,126.5,1265.0,1138.5,COMPLETED
ORD-10632,2026-02-01,00080,PROD_004,,Mayorista / B2B,23,380.0,874.0,8740.0,7866.0,COMPLETED
ORD-10633,2026-02-01,00025,PROD_006,CMP-02,Retail / Tiendas,2,55.0,16.5,110.0,93.5,COMPLETED
ORD-10634,2026-02-01,00026,PROD_007,CMP-02,Retail / Tiendas,3,120.0,,360.0,360.0,COMPLETED
ORD-10635,2026-02-01,00048,PROD_005,,Mayorista / B2B,11,650.0,715.0,7150.0,6435.0,COMPLETED
ORD-10636,2026-02-01,00009,PROD_005,,Online / Directo,1,650.0,32.5,650.0,617.5,COMPLETED
ORD-10637,2026-02-01,00007,PROD_003,CMP-02,Retail / Tiendas,1,750.0,0.0,750.0,750.0,COMPLETED
ORD-10638,2026-02-01,00033,PROD_002,,Online / Directo,3,2100.0,315.0,6300.0,5985.0,COMPLETED
ORD-10639,2026-02-01,00003,PROD_004,,Online / Directo,3,380.0,0.0,1140.0,1140.0,COMPLETED
ORD-10640,2026-02-01,00017,PROD_004,,Mayorista / B2B,24,380.0,,9120.0,9120.0,COMPLETED
ORD-10641,2026-02-01,00015,PROD_002,,Online / Directo,3,2100.0,0.0,6300.0,6300.0,COMPLETED
ORD-10642,2026-02-02,00061,PROD_008,CMP-02,Online / Directo,2,1400.0,420.0,2800.0,2380.0,COMPLETED
ORD-10643,2026-02-02,00071,PROD_005,CMP-02,Retail / Tiendas,3,650.0,97.5,1950.0,1852.5,COMPLETED
ORD-10644,2026-02-02,00078,PROD_001,CMP-02,Mayorista / B2B,24,4500.0,0.0,108000.0,108000.0,COMPLETED
ORD-10645,2026-02-02,00043,PROD_001,,Retail / Tiendas,2,4500.0,0.0,9000.0,9000.0,COMPLETED
ORD-10646,2026-02-02,00069,PROD_005,,Mayorista / B2B,24,650.0,0.0,15600.0,15600.0,COMPLETED
ORD-10647,2026-02-02,00066,PROD_001,,Online / Directo,3,4500.0,2025.0,13500.0,11475.0,COMPLETED
ORD-10648,2026-02-02,00018,PROD_007,CMP-02,Mayorista / B2B,5,120.0,0.0,600.0,600.0,COMPLETED
ORD-10649,2026-02-02,00059,PROD_008,CMP-02,Mayorista / B2B,5,1400.0,350.0,7000.0,6650.0,COMPLETED
ORD-10650,2026-02-02,00056,PROD_001,,Mayorista / B2B,17,4500.0,0.0,76500.0,76500.0,COMPLETED
ORD-10651,2026-02-02,00079,PROD_002,,Online / Directo,3,2100.0,,6300.0,5985.0,COMPLETED
ORD-10652,2026-02-02,00018,PROD_002,,Online / Directo,3,2100.0,630.0,6300.0,5670.0,COMPLETED
ORD-10653,2026-02-02,00029,PROD_005,CMP-02,Online / Directo,2,650.0,0.0,1300.0,1300.0,COMPLETED
ORD-10654,2026-02-02,00020,PROD_008,CMP-02,Online / Directo,3,1400.0,0.0,4200.0,4200.0,COMPLETED
ORD-10655,2026-02-02,00063,PROD_001,,Mayorista / B2B,7,4500.0,0.0,31500.0,31500.0,COMPLETED
ORD-10656,2026-02-02,00042,PROD_002,CMP-02,Retail / Tiendas,1,2100.0,315.0,2100.0,1785.0,COMPLETED
ORD-10657,2026-02-02,00079,PROD_006,CMP-02,Mayorista / B2B,7,55.0,19.25,385.0,365.75,COMPLETED
ORD-10658,2026-02-02,00052,PROD_005,CMP-02,Mayorista / B2B,10,650.0,0.0,6500.0,6500.0,CANCELLED
ORD-10659,2026-02-02,00061,PROD_006,,Mayorista / B2B,12,55.0,0.0,660.0,660.0,COMPLETED
ORD-10660,2026-02-02,00059,PROD_007,CMP-02,Mayorista / B2B,11,120.0,0.0,1320.0,1320.0,COMPLETED
ORD-10661,2026-02-02,00078,PROD_008,CMP-02,Mayorista / B2B,11,1400.0,770.0,15400.0,14630.0,COMPLETED
ORD-10662,2026-02-02,00022,PROD_008,,Online / Directo,1,1400.0,70.0,1400.0,1330.0,COMPLETED
ORD-10663,2026-02-02,00045,PROD_001,CMP-02,Mayorista / B2B,17,4500.0,,76500.0,65025.0,CANCELLED
ORD-10664,2026-02-03,00057,PROD_005,,Mayorista / B2B,6,650.0,390.0,3900.0,3510.0,COMPLETED
ORD-10665,2026-02-03,00026,PROD_003,CMP-02,Retail / Tiendas,3,750.0,112.5,2250.0,2137.5,COMPLETED
ORD-10666,2026-02-03,00058,PROD_008,CMP-02,Retail / Tiendas,3,1400.0,420.0,4200.0,3780.0,COMPLETED
ORD-10667,2026-02-03,00010,PROD_007,CMP-02,Retail / Tiendas,2,120.0,12.0,240.0,228.0,COMPLETED
ORD-10668,2026-02-03,00063,PROD_007,,Mayorista / B2B,14,120.0,84.0,1680.0,1596.0,COMPLETED
ORD-10669,2026-02-03,00028,PROD_001,CMP-02,Retail / Tiendas,2,4500.0,0.0,9000.0,9000.0,COMPLETED
ORD-10670,2026-02-03,00060,PROD_006,CMP-02,Mayorista / B2B,5,55.0,27.5,275.0,247.5,COMPLETED
ORD-10671,2026-02-03,00040,PROD_006,CMP-02,Mayorista / B2B,5,55.0,0.0,275.0,275.0,COMPLETED
ORD-10672,2026-02-03,00009,PROD_004,,Mayorista / B2B,21,380.0,0.0,7980.0,7980.0,COMPLETED
ORD-10673,2026-02-03,00018,PROD_007,CMP-02,Mayorista / B2B,14,120.0,84.0,1680.0,1596.0,COMPLETED
ORD-10674,2026-02-03,00073,PROD_006,,Mayorista / B2B,21,55.0,0.0,1155.0,1155.0,COMPLETED
ORD-10675,2026-02-03,00009,PROD_005,,Retail / Tiendas,3,650.0,0.0,1950.0,1950.0,COMPLETED
ORD-10676,2026-02-03,00026,PROD_002,CMP-02,Retail / Tiendas,2,2100.0,630.0,4200.0,3570.0,COMPLETED
ORD-10677,2026-02-03,00017,PROD_004,,Online / Directo,1,380.0,0.0,380.0,380.0,COMPLETED
ORD-10678,2026-02-03,00072,PROD_004,,Online / Directo,1,380.0,,380.0,361.0,COMPLETED
ORD-10679,2026-02-03,00001,PROD_001,CMP-02,Retail / Tiendas,1,4500.0,0.0,4500.0,4500.0,COMPLETED
ORD-10680,2026-02-03,00016,PROD_004,CMP-02,Mayorista / B2B,20,380.0,380.0,7600.0,7220.0,COMPLETED
ORD-10681,2026-02-03,00045,PROD_004,CMP-02,Retail / Tiendas,3,380.0,0.0,1140.0,1140.0,COMPLETED
ORD-10682,2026-02-03,00049,PROD_004,CMP-02,Online / Directo,2,380.0,38.0,760.0,722.0,COMPLETED
ORD-10683,2026-02-03,00028,PROD_008,CMP-02,Mayorista / B2B,8,1400.0,0.0,11200.0,11200.0,COMPLETED
ORD-10684,2026-02-03,00048,PROD_004,,Mayorista / B2B,6,380.0,0.0,2280.0,2280.0,COMPLETED
ORD-10685,2026-02-04,00078,PROD_008,CMP-02,Online / Directo,3,1400.0,0.0,4200.0,4200.0,COMPLETED
ORD-10686,2026-02-04,00012,PROD_004,,Mayorista / B2B,23,380.0,0.0,8740.0,8740.0,COMPLETED
ORD-10687,2026-02-04,00048,PROD_007,,Online / Directo,3,120.0,18.0,360.0,342.0,COMPLETED
ORD-10688,2026-02-04,00009,PROD_007,CMP-02,Retail / Tiendas,3,120.0,0.0,360.0,360.0,COMPLETED
ORD-10689,2026-02-04,00072,PROD_002,,Retail / Tiendas,1,2100.0,0.0,2100.0,2100.0,CANCELLED
ORD-10690,2026-02-04,00034,PROD_001,CMP-02,Retail / Tiendas,2,4500.0,450.0,9000.0,8550.0,COMPLETED
ORD-10691,2026-02-04,00004,PROD_002,,Retail / Tiendas,1,2100.0,105.0,2100.0,1995.0,COMPLETED
ORD-10692,2026-02-04,00012,PROD_001,,Mayorista / B2B,14,4500.0,3150.0,63000.0,59850.0,COMPLETED
ORD-10693,2026-02-04,00073,PROD_002,CMP-02,Retail / Tiendas,2,2100.0,0.0,4200.0,4200.0,COMPLETED
ORD-10694,2026-02-04,00076,PROD_005,,Mayorista / B2B,18,650.0,1170.0,11700.0,10530.0,COMPLETED
ORD-10695,2026-02-04,00020,PROD_008,,Mayorista / B2B,11,1400.0,0.0,15400.0,15400.0,COMPLETED
ORD-10696,2026-02-04,00074,PROD_007,CMP-02,Mayorista / B2B,10,120.0,60.0,1200.0,1140.0,COMPLETED
ORD-10697,2026-02-04,00070,PROD_005,CMP-02,Online / Directo,1,650.0,0.0,650.0,650.0,COMPLETED
ORD-10698,2026-02-04,00076,PROD_008,,Mayorista / B2B,14,1400.0,0.0,19600.0,19600.0,COMPLETED
ORD-10699,2026-02-04,00075,PROD_007,CMP-02,Retail / Tiendas,2,120.0,0.0,240.0,240.0,COMPLETED
ORD-10700,2026-02-04,00033,PROD_005,CMP-02,Retail / Tiendas,2,650.0,0.0,1300.0,1300.0,COMPLETED
ORD-10701,2026-02-05,00018,PROD_006,CMP-02,Mayorista / B2B,12,55.0,0.0,660.0,660.0,COMPLETED
ORD-10702,2026-02-05,00058,PROD_002,CMP-02,Online / Directo,1,2100.0,105.0,2100.0,1995.0,COMPLETED
ORD-10703,2026-02-05,00019,PROD_002,CMP-02,Retail / Tiendas,3,2100.0,0.0,6300.0,6300.0,COMPLETED
ORD-10704,2026-02-05,00018,PROD_001,CMP-02,Mayorista / B2B,20,4500.0,4500.0,90000.0,85500.0,COMPLETED
ORD-10705,2026-02-05,00058,PROD_002,,Online / Directo,3,2100.0,0.0,6300.0,6300.0,COMPLETED
ORD-10706,2026-02-05,00002,PROD_007,CMP-02,Retail / Tiendas,1,120.0,,120.0,120.0,COMPLETED
ORD-10707,2026-02-05,00073,PROD_008,,Retail / Tiendas,3,1400.0,420.0,4200.0,3780.0,COMPLETED
ORD-10708,2026-02-05,00050,PROD_007,CMP-02,Mayorista / B2B,14,120.0,0.0,1680.0,1680.0,COMPLETED
ORD-10709,2026-02-05,00070,PROD_001,,Retail / Tiendas,3,4500.0,675.0,13500.0,12825.0,CANCELLED
ORD-10710,2026-02-05,00040,PROD_005,,Mayorista / B2B,20,650.0,0.0,13000.0,13000.0,REFUNDED
ORD-10711,2026-02-05,00044,PROD_004,,Mayorista / B2B,9,380.0,0.0,3420.0,3420.0,COMPLETED
ORD-10712,2026-02-05,00028,PROD_008,,Retail / Tiendas,3,1400.0,0.0,4200.0,4200.0,COMPLETED
ORD-10713,2026-02-05,00078,PROD_003,CMP-02,Retail / Tiendas,2,750.0,0.0,1500.0,1500.0,COMPLETED
ORD-10714,2026-02-05,00051,PROD_002,CMP-02,Online / Directo,3,2100.0,630.0,6300.0,5670.0,COMPLETED
ORD-10715,2026-02-05,00012,PROD_006,CMP-02,Mayorista / B2B,8,55.0,66.0,440.0,374.0,COMPLETED
ORD-10716,2026-02-05,00067,PROD_001,,Mayorista / B2B,22,4500.0,4950.0,99000.0,94050.0,COMPLETED
ORD-10717,2026-02-06,00045,PROD_002,CMP-02,Retail / Tiendas,3,2100.0,0.0,6300.0,6300.0,COMPLETED
ORD-10718,2026-02-06,00017,PROD_008,CMP-02,Mayorista / B2B,7,1400.0,490.0,9800.0,9310.0,COMPLETED
ORD-10719,2026-02-06,00004,PROD_001,CMP-02,Retail / Tiendas,3,4500.0,0.0,13500.0,13500.0,COMPLETED
ORD-10720,2026-02-06,00031,PROD_007,CMP-02,Retail / Tiendas,3,120.0,18.0,360.0,342.0,COMPLETED
ORD-10721,2026-02-06,00077,PROD_007,CMP-02,Retail / Tiendas,3,120.0,0.0,360.0,360.0,COMPLETED
ORD-10722,2026-02-06,00049,PROD_004,,Retail / Tiendas,3,380.0,0.0,1140.0,1140.0,COMPLETED
ORD-10723,2026-02-06,00079,PROD_007,CMP-02,Mayorista / B2B,20,120.0,120.0,2400.0,2280.0,COMPLETED
ORD-10724,2026-02-06,00018,PROD_006,CMP-02,Mayorista / B2B,8,55.0,0.0,440.0,440.0,COMPLETED
ORD-10725,2026-02-06,00068,PROD_003,CMP-02,Mayorista / B2B,6,750.0,450.0,4500.0,4050.0,COMPLETED
ORD-10726,2026-02-06,00010,PROD_002,,Mayorista / B2B,10,2100.0,0.0,21000.0,21000.0,COMPLETED
ORD-10727,2026-02-06,00078,PROD_005,,Online / Directo,2,650.0,0.0,1300.0,1300.0,COMPLETED
ORD-10728,2026-02-06,00061,PROD_008,,Retail / Tiendas,2,1400.0,0.0,2800.0,2800.0,COMPLETED
ORD-10729,2026-02-06,00062,PROD_005,CMP-02,Retail / Tiendas,3,650.0,97.5,1950.0,1852.5,COMPLETED
ORD-10730,2026-02-06,00058,PROD_003,,Online / Directo,1,750.0,112.5,750.0,637.5,COMPLETED
ORD-10731,2026-02-06,00025,PROD_004,CMP-02,Retail / Tiendas,1,380.0,0.0,380.0,380.0,COMPLETED
ORD-10732,2026-02-06,00065,PROD_005,CMP-02,Mayorista / B2B,7,650.0,455.0,4550.0,4095.0,COMPLETED
ORD-10733,2026-02-06,00055,PROD_004,CMP-02,Mayorista / B2B,24,380.0,0.0,9120.0,9120.0,COMPLETED
ORD-10734,2026-02-06,00077,PROD_001,,Mayorista / B2B,13,4500.0,0.0,58500.0,58500.0,COMPLETED
ORD-10735,2026-02-07,00020,PROD_001,,Online / Directo,1,4500.0,0.0,4500.0,4500.0,COMPLETED
ORD-10736,2026-02-07,00071,PROD_001,,Mayorista / B2B,11,4500.0,0.0,49500.0,49500.0,COMPLETED
ORD-10737,2026-02-07,00029,PROD_001,CMP-02,Retail / Tiendas,3,4500.0,0.0,13500.0,13500.0,COMPLETED
ORD-10738,2026-02-07,00030,PROD_008,CMP-02,Mayorista / B2B,15,1400.0,0.0,21000.0,21000.0,COMPLETED
ORD-10739,2026-02-07,00024,PROD_004,CMP-02,Retail / Tiendas,1,380.0,19.0,380.0,361.0,COMPLETED
ORD-10740,2026-02-07,00001,PROD_002,CMP-02,Mayorista / B2B,19,2100.0,0.0,39900.0,39900.0,COMPLETED
ORD-10741,2026-02-07,00032,PROD_003,CMP-02,Online / Directo,2,750.0,75.0,1500.0,1425.0,COMPLETED
ORD-10742,2026-02-07,00034,PROD_007,,Online / Directo,2,120.0,0.0,240.0,240.0,COMPLETED
ORD-10743,2026-02-07,00051,PROD_003,,Mayorista / B2B,22,750.0,0.0,16500.0,16500.0,COMPLETED
ORD-10744,2026-02-07,00076,PROD_002,CMP-02,Mayorista / B2B,15,2100.0,0.0,31500.0,31500.0,COMPLETED
ORD-10745,2026-02-07,00079,PROD_008,,Mayorista / B2B,5,1400.0,350.0,7000.0,6650.0,COMPLETED
ORD-10746,2026-02-07,00012,PROD_007,,Mayorista / B2B,22,120.0,264.0,2640.0,2376.0,COMPLETED
ORD-10747,2026-02-07,00041,PROD_007,,Mayorista / B2B,23,120.0,138.0,2760.0,2622.0,COMPLETED
ORD-10748,2026-02-07,00058,PROD_003,,Retail / Tiendas,2,750.0,0.0,1500.0,1500.0,COMPLETED
ORD-10749,2026-02-07,00003,PROD_006,CMP-02,Mayorista / B2B,14,55.0,0.0,770.0,770.0,COMPLETED
ORD-10750,2026-02-07,00066,PROD_004,CMP-02,Mayorista / B2B,14,380.0,0.0,5320.0,5320.0,COMPLETED
ORD-10751,2026-02-07,00077,PROD_003,,Retail / Tiendas,1,750.0,0.0,750.0,750.0,CANCELLED
ORD-10752,2026-02-07,00040,PROD_008,,Mayorista / B2B,7,1400.0,0.0,9800.0,9800.0,COMPLETED
ORD-10753,2026-02-07,00027,PROD_006,,Online / Directo,1,55.0,0.0,55.0,55.0,COMPLETED
ORD-10754,2026-02-07,00066,PROD_004,CMP-02,Retail / Tiendas,3,380.0,114.0,1140.0,1026.0,COMPLETED
ORD-10755,2026-02-07,00012,PROD_008,CMP-02,Online / Directo,1,1400.0,70.0,1400.0,1330.0,REFUNDED
ORD-10756,2026-02-07,00074,PROD_001,CMP-02,Retail / Tiendas,1,4500.0,450.0,4500.0,4050.0,COMPLETED
ORD-10757,2026-02-07,00011,PROD_006,,Mayorista / B2B,11,55.0,0.0,605.0,605.0,COMPLETED
ORD-10758,2026-02-07,00071,PROD_005,,Mayorista / B2B,6,650.0,585.0,3900.0,3315.0,COMPLETED
ORD-10759,2026-02-08,00039,PROD_001,CMP-02,Retail / Tiendas,1,4500.0,450.0,4500.0,4050.0,COMPLETED
ORD-10760,2026-02-08,00079,PROD_004,,Online / Directo,1,380.0,38.0,380.0,342.0,COMPLETED
ORD-10761,2026-02-08,00018,PROD_006,CMP-02,Retail / Tiendas,2,55.0,0.0,110.0,110.0,COMPLETED
ORD-10762,2026-02-08,00048,PROD_004,,Mayorista / B2B,22,380.0,0.0,8360.0,8360.0,COMPLETED
ORD-10763,2026-02-08,00013,PROD_001,CMP-02,Retail / Tiendas,3,4500.0,2025.0,13500.0,11475.0,COMPLETED
ORD-10764,2026-02-08,00058,PROD_005,,Retail / Tiendas,3,650.0,0.0,1950.0,1950.0,COMPLETED
ORD-10765,2026-02-08,00053,PROD_007,CMP-02,Mayorista / B2B,20,120.0,0.0,2400.0,2400.0,COMPLETED
ORD-10766,2026-02-08,00004,PROD_006,,Mayorista / B2B,7,55.0,38.5,385.0,346.5,COMPLETED
ORD-10767,2026-02-08,00021,PROD_007,,Mayorista / B2B,10,120.0,180.0,1200.0,1020.0,COMPLETED
ORD-10768,2026-02-08,00035,PROD_007,,Retail / Tiendas,3,120.0,36.0,360.0,324.0,COMPLETED
ORD-10769,2026-02-08,00064,PROD_002,,Mayorista / B2B,9,2100.0,1890.0,18900.0,17010.0,COMPLETED
ORD-10770,2026-02-08,00036,PROD_006,,Mayorista / B2B,21,55.0,0.0,1155.0,1155.0,COMPLETED
ORD-10771,2026-02-08,00026,PROD_008,CMP-02,Online / Directo,1,1400.0,0.0,1400.0,1400.0,COMPLETED
ORD-10772,2026-02-08,00013,PROD_008,,Online / Directo,3,1400.0,0.0,4200.0,4200.0,COMPLETED
ORD-10773,2026-02-08,00046,PROD_001,,Retail / Tiendas,3,4500.0,0.0,13500.0,13500.0,COMPLETED
ORD-10774,2026-02-08,00063,PROD_005,,Mayorista / B2B,24,650.0,780.0,15600.0,14820.0,COMPLETED
ORD-10775,2026-02-08,00026,PROD_002,CMP-02,Retail / Tiendas,1,2100.0,105.0,2100.0,1995.0,COMPLETED
ORD-10776,2026-02-08,00041,PROD_008,,Online / Directo,1,1400.0,0.0,1400.0,1400.0,COMPLETED
ORD-10777,2026-02-08,00073,PROD_001,,Mayorista / B2B,17,4500.0,0.0,76500.0,76500.0,COMPLETED
ORD-10778,2026-02-08,00005,PROD_002,,Retail / Tiendas,3,2100.0,315.0,6300.0,5985.0,COMPLETED
ORD-10779,2026-02-08,00027,PROD_001,CMP-02,Retail / Tiendas,3,4500.0,675.0,13500.0,12825.0,COMPLETED
ORD-10780,2026-02-08,00070,PROD_005,,Retail / Tiendas,2,650.0,0.0,1300.0,1300.0,COMPLETED
ORD-10781,2026-02-08,00024,PROD_008,CMP-02,Retail / Tiendas,1,1400.0,0.0,1400.0,1400.0,COMPLETED
ORD-10782,2026-02-09,00046,PROD_007,CMP-02,Mayorista / B2B,15,120.0,0.0,1800.0,1800.0,COMPLETED
ORD-10783,2026-02-09,00074,PROD_003,,Mayorista / B2B,8,750.0,900.0,6000.0,5100.0,COMPLETED
ORD-10784,2026-02-09,00011,PROD_001,,Mayorista / B2B,19,4500.0,0.0,85500.0,85500.0,COMPLETED
ORD-10785,2026-02-09,00041,PROD_002,,Mayorista / B2B,22,2100.0,2310.0,46200.0,43890.0,COMPLETED
ORD-10786,2026-02-09,00048,PROD_007,,Online / Directo,2,120.0,36.0,240.0,204.0,COMPLETED
ORD-10787,2026-02-09,00028,PROD_005,,Online / Directo,1,650.0,0.0,650.0,650.0,COMPLETED
ORD-10788,2026-02-09,00080,PROD_002,CMP-02,Retail / Tiendas,3,2100.0,630.0,6300.0,5670.0,COMPLETED
ORD-10789,2026-02-09,00053,PROD_004,CMP-02,Mayorista / B2B,8,380.0,0.0,3040.0,3040.0,COMPLETED
ORD-10790,2026-02-09,00066,PROD_005,CMP-02,Mayorista / B2B,8,650.0,,5200.0,4940.0,COMPLETED
ORD-10791,2026-02-09,00080,PROD_004,CMP-02,Retail / Tiendas,3,380.0,0.0,1140.0,1140.0,COMPLETED
ORD-10792,2026-02-09,00014,PROD_003,CMP-02,Mayorista / B2B,5,750.0,562.5,3750.0,3187.5,COMPLETED
ORD-10793,2026-02-09,00016,PROD_004,CMP-02,Mayorista / B2B,16,380.0,0.0,6080.0,6080.0,COMPLETED
ORD-10794,2026-02-09,00032,PROD_002,,Mayorista / B2B,15,2100.0,0.0,31500.0,31500.0,COMPLETED
ORD-10795,2026-02-09,00009,PROD_006,,Mayorista / B2B,22,55.0,,1210.0,1149.5,COMPLETED
ORD-10796,2026-02-09,00057,PROD_001,,Mayorista / B2B,16,4500.0,7200.0,72000.0,64800.0,COMPLETED
ORD-10797,2026-02-09,00045,PROD_002,CMP-02,Mayorista / B2B,22,2100.0,6930.0,46200.0,39270.0,COMPLETED
ORD-10798,2026-02-09,00078,PROD_001,,Mayorista / B2B,24,4500.0,16200.0,108000.0,91800.0,COMPLETED
ORD-10799,2026-02-09,00009,PROD_002,CMP-02,Online / Directo,1,2100.0,0.0,2100.0,2100.0,COMPLETED
ORD-10800,2026-02-09,00030,PROD_001,CMP-02,Mayorista / B2B,6,4500.0,4050.0,27000.0,22950.0,COMPLETED
ORD-10801,2026-02-09,00055,PROD_007,,Online / Directo,1,120.0,0.0,120.0,120.0,COMPLETED
ORD-10802,2026-02-09,00077,PROD_006,,Retail / Tiendas,1,55.0,0.0,55.0,55.0,COMPLETED
ORD-10803,2026-02-09,00030,PROD_007,CMP-02,Mayorista / B2B,10,120.0,60.0,1200.0,1140.0,COMPLETED
ORD-10804,2026-02-09,00070,PROD_003,,Online / Directo,2,750.0,150.0,1500.0,1350.0,COMPLETED
ORD-10805,2026-02-10,00052,PROD_006,CMP-02,Mayorista / B2B,16,55.0,88.0,880.0,792.0,COMPLETED
ORD-10806,2026-02-10,00008,PROD_002,,Mayorista / B2B,19,2100.0,5985.0,39900.0,33915.0,COMPLETED
ORD-10807,2026-02-10,00072,PROD_003,CMP-02,Retail / Tiendas,3,750.0,337.5,2250.0,1912.5,COMPLETED
ORD-10808,2026-02-10,00029,PROD_007,CMP-02,Mayorista / B2B,13,120.0,0.0,1560.0,1560.0,COMPLETED
ORD-10809,2026-02-10,00012,PROD_008,,Mayorista / B2B,9,1400.0,0.0,12600.0,12600.0,COMPLETED
ORD-10810,2026-02-10,00028,PROD_001,CMP-02,Retail / Tiendas,3,4500.0,0.0,13500.0,13500.0,COMPLETED
ORD-10811,2026-02-10,00039,PROD_001,,Mayorista / B2B,20,4500.0,0.0,90000.0,90000.0,COMPLETED
ORD-10812,2026-02-10,00018,PROD_003,CMP-02,Retail / Tiendas,1,750.0,0.0,750.0,750.0,COMPLETED
ORD-10813,2026-02-10,00022,PROD_006,,Online / Directo,2,55.0,0.0,110.0,110.0,COMPLETED
ORD-10814,2026-02-10,00050,PROD_001,CMP-02,Retail / Tiendas,1,4500.0,0.0,4500.0,4500.0,COMPLETED
ORD-10815,2026-02-10,00025,PROD_005,,Retail / Tiendas,2,650.0,65.0,1300.0,1235.0,COMPLETED
ORD-10816,2026-02-10,00070,PROD_007,CMP-02,Online / Directo,1,120.0,6.0,120.0,114.0,COMPLETED
ORD-10817,2026-02-10,00068,PROD_005,,Online / Directo,1,650.0,32.5,650.0,617.5,COMPLETED
ORD-10818,2026-02-10,00045,PROD_008,,Mayorista / B2B,20,1400.0,0.0,28000.0,28000.0,COMPLETED
ORD-10819,2026-02-10,00015,PROD_004,,Online / Directo,3,380.0,0.0,1140.0,1140.0,COMPLETED
ORD-10820,2026-02-10,00002,PROD_008,CMP-02,Mayorista / B2B,6,1400.0,420.0,8400.0,7980.0,COMPLETED
ORD-10821,2026-02-11,00053,PROD_003,,Mayorista / B2B,22,750.0,0.0,16500.0,16500.0,COMPLETED
ORD-10822,2026-02-11,00070,PROD_007,CMP-02,Online / Directo,1,120.0,6.0,120.0,114.0,COMPLETED
ORD-10823,2026-02-11,00066,PROD_008,CMP-02,Online / Directo,2,1400.0,280.0,2800.0,2520.0,COMPLETED
ORD-10824,2026-02-11,00066,PROD_008,,Mayorista / B2B,5,1400.0,0.0,7000.0,7000.0,COMPLETED
ORD-10825,2026-02-11,00002,PROD_008,,Retail / Tiendas,1,1400.0,0.0,1400.0,1400.0,COMPLETED
ORD-10826,2026-02-11,00020,PROD_007,,Online / Directo,1,120.0,0.0,120.0,120.0,COMPLETED
ORD-10827,2026-02-11,00067,PROD_001,,Retail / Tiendas,1,4500.0,0.0,4500.0,4500.0,COMPLETED
ORD-10828,2026-02-11,00076,PROD_006,CMP-02,Online / Directo,1,55.0,2.75,55.0,52.25,COMPLETED
ORD-10829,2026-02-11,00031,PROD_005,,Retail / Tiendas,2,650.0,130.0,1300.0,1170.0,COMPLETED
ORD-10830,2026-02-11,00077,PROD_005,CMP-02,Mayorista / B2B,14,650.0,910.0,9100.0,8190.0,COMPLETED
ORD-10831,2026-02-11,00009,PROD_008,,Online / Directo,2,1400.0,0.0,2800.0,2800.0,COMPLETED
ORD-10832,2026-02-11,00063,PROD_005,,Retail / Tiendas,2,650.0,0.0,1300.0,1300.0,COMPLETED
ORD-10833,2026-02-11,00069,PROD_004,CMP-02,Mayorista / B2B,20,380.0,0.0,7600.0,7600.0,COMPLETED
ORD-10834,2026-02-11,00033,PROD_001,,Retail / Tiendas,1,4500.0,675.0,4500.0,3825.0,COMPLETED
ORD-10835,2026-02-11,00019,PROD_005,CMP-02,Mayorista / B2B,11,650.0,0.0,7150.0,7150.0,COMPLETED
ORD-10836,2026-02-11,00073,PROD_001,,Retail / Tiendas,1,4500.0,225.0,4500.0,4275.0,COMPLETED
ORD-10837,2026-02-11,00025,PROD_004,CMP-02,Retail / Tiendas,2,380.0,0.0,760.0,760.0,CANCELLED
ORD-10838,2026-02-11,00080,PROD_007,CMP-02,Retail / Tiendas,3,120.0,18.0,360.0,342.0,COMPLETED
ORD-10839,2026-02-11,00017,PROD_008,,Online / Directo,1,1400.0,0.0,1400.0,1400.0,COMPLETED
ORD-10840,2026-02-11,00038,PROD_003,,Retail / Tiendas,2,750.0,0.0,1500.0,1500.0,COMPLETED
ORD-10841,2026-02-11,00026,PROD_001,,Retail / Tiendas,2,4500.0,450.0,9000.0,8550.0,COMPLETED
ORD-10842,2026-02-11,00029,PROD_002,CMP-02,Mayorista / B2B,21,2100.0,2205.0,44100.0,41895.0,COMPLETED
ORD-10843,2026-02-11,00025,PROD_003,CMP-02,Retail / Tiendas,2,750.0,0.0,1500.0,1500.0,COMPLETED
ORD-10844,2026-02-12,00030,PROD_005,,Mayorista / B2B,7,650.0,0.0,4550.0,4550.0,COMPLETED
ORD-10845,2026-02-12,00019,PROD_004,,Retail / Tiendas,3,380.0,0.0,1140.0,1140.0,COMPLETED
ORD-10846,2026-02-12,00002,PROD_004,CMP-02,Mayorista / B2B,19,380.0,361.0,7220.0,6859.0,COMPLETED
ORD-10847,2026-02-12,00028,PROD_008,,Retail / Tiendas,2,1400.0,0.0,2800.0,2800.0,COMPLETED
ORD-10848,2026-02-12,00074,PROD_003,,Retail / Tiendas,1,750.0,112.5,750.0,637.5,COMPLETED
ORD-10849,2026-02-12,00028,PROD_003,,Mayorista / B2B,11,750.0,0.0,8250.0,8250.0,COMPLETED
ORD-10850,2026-02-12,00050,PROD_007,CMP-02,Retail / Tiendas,1,120.0,12.0,120.0,108.0,COMPLETED
ORD-10851,2026-02-12,00021,PROD_002,CMP-02,Retail / Tiendas,2,2100.0,0.0,4200.0,4200.0,COMPLETED
ORD-10852,2026-02-12,00078,PROD_003,,Retail / Tiendas,1,750.0,0.0,750.0,750.0,COMPLETED
ORD-10853,2026-02-12,00014,PROD_004,CMP-02,Mayorista / B2B,21,380.0,0.0,7980.0,7980.0,COMPLETED
ORD-10854,2026-02-12,00024,PROD_006,,Mayorista / B2B,6,55.0,49.5,330.0,280.5,COMPLETED
ORD-10855,2026-02-12,00076,PROD_001,CMP-02,Online / Directo,3,4500.0,0.0,13500.0,13500.0,COMPLETED
ORD-10856,2026-02-12,00035,PROD_004,CMP-02,Retail / Tiendas,1,380.0,57.0,380.0,323.0,COMPLETED
ORD-10857,2026-02-12,00053,PROD_008,CMP-02,Retail / Tiendas,3,1400.0,630.0,4200.0,3570.0,COMPLETED
ORD-10858,2026-02-12,00026,PROD_001,CMP-02,Retail / Tiendas,1,4500.0,450.0,4500.0,4050.0,COMPLETED
ORD-10859,2026-02-12,00078,PROD_005,CMP-02,Mayorista / B2B,22,650.0,2145.0,14300.0,12155.0,COMPLETED
ORD-10860,2026-02-12,00069,PROD_003,CMP-02,Retail / Tiendas,3,750.0,0.0,2250.0,2250.0,CANCELLED
ORD-10861,2026-02-12,00007,PROD_007,,Mayorista / B2B,11,120.0,0.0,1320.0,1320.0,COMPLETED
ORD-10862,2026-02-12,00048,PROD_005,,Retail / Tiendas,2,650.0,0.0,1300.0,1300.0,COMPLETED
ORD-10863,2026-02-12,00027,PROD_008,,Mayorista / B2B,14,1400.0,0.0,19600.0,19600.0,COMPLETED
ORD-10864,2026-02-12,00033,PROD_008,CMP-02,Online / Directo,2,1400.0,0.0,2800.0,2800.0,COMPLETED
ORD-10865,2026-02-12,00076,PROD_006,,Online / Directo,2,55.0,0.0,110.0,110.0,COMPLETED
ORD-10866,2026-02-13,00074,PROD_002,,Retail / Tiendas,3,2100.0,630.0,6300.0,5670.0,COMPLETED
ORD-10867,2026-02-13,00019,PROD_008,CMP-02,Retail / Tiendas,3,1400.0,0.0,4200.0,4200.0,COMPLETED
ORD-10868,2026-02-13,00008,PROD_001,CMP-02,Mayorista / B2B,14,4500.0,0.0,63000.0,63000.0,COMPLETED
ORD-10869,2026-02-13,00025,PROD_003,,Mayorista / B2B,18,750.0,675.0,13500.0,12825.0,COMPLETED
ORD-10870,2026-02-13,00049,PROD_006,CMP-02,Retail / Tiendas,2,55.0,5.5,110.0,104.5,COMPLETED
ORD-10871,2026-02-13,00017,PROD_001,CMP-02,Retail / Tiendas,3,4500.0,0.0,13500.0,13500.0,COMPLETED
ORD-10872,2026-02-13,00077,PROD_005,,Mayorista / B2B,9,650.0,0.0,5850.0,5850.0,COMPLETED
ORD-10873,2026-02-13,00046,PROD_008,,Mayorista / B2B,14,1400.0,980.0,19600.0,18620.0,COMPLETED
ORD-10874,2026-02-13,00011,PROD_006,,Mayorista / B2B,8,55.0,22.0,440.0,418.0,COMPLETED
ORD-10875,2026-02-13,00004,PROD_005,,Mayorista / B2B,16,650.0,0.0,10400.0,10400.0,COMPLETED
ORD-10876,2026-02-13,00080,PROD_007,,Mayorista / B2B,15,120.0,90.0,1800.0,1710.0,COMPLETED
ORD-10877,2026-02-13,00055,PROD_007,,Mayorista / B2B,14,120.0,0.0,1680.0,1680.0,COMPLETED
ORD-10878,2026-02-13,00036,PROD_001,CMP-02,Mayorista / B2B,16,4500.0,0.0,72000.0,72000.0,COMPLETED
ORD-10879,2026-02-13,00079,PROD_001,CMP-02,Mayorista / B2B,24,4500.0,16200.0,108000.0,91800.0,COMPLETED
ORD-10880,2026-02-13,00025,PROD_005,,Retail / Tiendas,3,650.0,97.5,1950.0,1852.5,COMPLETED
ORD-10881,2026-02-13,00028,PROD_003,,Retail / Tiendas,1,750.0,37.5,750.0,712.5,COMPLETED
ORD-10882,2026-02-13,00039,PROD_005,CMP-02,Online / Directo,3,650.0,97.5,1950.0,1852.5,COMPLETED
ORD-10883,2026-02-13,00042,PROD_004,CMP-02,Retail / Tiendas,2,380.0,0.0,760.0,760.0,COMPLETED
ORD-10884,2026-02-13,00020,PROD_008,CMP-02,Retail / Tiendas,1,1400.0,70.0,1400.0,1330.0,COMPLETED
ORD-10885,2026-02-13,00031,PROD_004,CMP-02,Mayorista / B2B,16,380.0,0.0,6080.0,6080.0,COMPLETED
ORD-10886,2026-02-13,00018,PROD_007,CMP-02,Retail / Tiendas,2,120.0,36.0,240.0,204.0,COMPLETED
ORD-10887,2026-02-13,00062,PROD_005,CMP-02,Mayorista / B2B,22,650.0,0.0,14300.0,14300.0,COMPLETED
ORD-10888,2026-02-13,00010,PROD_008,,Retail / Tiendas,1,1400.0,70.0,1400.0,1330.0,COMPLETED
ORD-10889,2026-02-14,00080,PROD_006,,Online / Directo,2,55.0,5.5,110.0,104.5,COMPLETED
ORD-10890,2026-02-14,00034,PROD_003,,Mayorista / B2B,12,750.0,,9000.0,9000.0,COMPLETED
ORD-10891,2026-02-14,00062,PROD_007,,Mayorista / B2B,18,120.0,108.0,2160.0,2052.0,COMPLETED
ORD-10892,2026-02-14,00044,PROD_008,,Retail / Tiendas,2,1400.0,420.0,2800.0,2380.0,COMPLETED
ORD-10893,2026-02-14,00059,PROD_006,CMP-02,Retail / Tiendas,3,55.0,24.75,165.0,140.25,COMPLETED
ORD-10894,2026-02-14,00062,PROD_007,,Retail / Tiendas,2,120.0,24.0,240.0,216.0,COMPLETED
ORD-10895,2026-02-14,00067,PROD_002,CMP-02,Retail / Tiendas,1,2100.0,105.0,2100.0,1995.0,COMPLETED
ORD-10896,2026-02-14,00048,PROD_003,CMP-02,Online / Directo,3,750.0,0.0,2250.0,2250.0,COMPLETED
ORD-10897,2026-02-14,00049,PROD_004,CMP-02,Mayorista / B2B,9,380.0,342.0,3420.0,3078.0,COMPLETED
ORD-10898,2026-02-14,00071,PROD_001,CMP-02,Online / Directo,3,4500.0,0.0,13500.0,13500.0,COMPLETED
ORD-10899,2026-02-14,00057,PROD_005,CMP-02,Retail / Tiendas,3,650.0,0.0,1950.0,1950.0,COMPLETED
ORD-10900,2026-02-14,00075,PROD_007,,Mayorista / B2B,17,120.0,102.0,2040.0,1938.0,COMPLETED
ORD-10901,2026-02-14,00029,PROD_002,,Retail / Tiendas,1,2100.0,,2100.0,2100.0,COMPLETED
ORD-10902,2026-02-14,00008,PROD_005,,Online / Directo,1,650.0,,650.0,617.5,COMPLETED
ORD-10903,2026-02-14,00070,PROD_003,CMP-02,Mayorista / B2B,15,750.0,0.0,11250.0,11250.0,COMPLETED
ORD-10904,2026-02-14,00030,PROD_007,,Online / Directo,1,120.0,0.0,120.0,120.0,COMPLETED
ORD-10905,2026-02-14,00065,PROD_005,,Mayorista / B2B,9,650.0,292.5,5850.0,5557.5,COMPLETED
ORD-10906,2026-02-14,00055,PROD_006,CMP-02,Mayorista / B2B,8,55.0,66.0,440.0,374.0,COMPLETED
ORD-10907,2026-02-14,00005,PROD_004,CMP-02,Retail / Tiendas,2,380.0,38.0,760.0,722.0,COMPLETED
ORD-10908,2026-02-14,00033,PROD_006,,Retail / Tiendas,1,55.0,0.0,55.0,55.0,COMPLETED
ORD-10909,2026-02-14,00003,PROD_001,CMP-02,Mayorista / B2B,23,4500.0,15525.0,103500.0,87975.0,COMPLETED
ORD-10910,2026-02-14,00013,PROD_001,CMP-02,Mayorista / B2B,9,4500.0,0.0,40500.0,40500.0,COMPLETED
ORD-10911,2026-02-14,00063,PROD_001,CMP-02,Mayorista / B2B,7,4500.0,0.0,31500.0,31500.0,COMPLETED
ORD-10912,2026-02-15,00057,PROD_007,CMP-02,Mayorista / B2B,24,120.0,0.0,2880.0,2880.0,COMPLETED
ORD-10913,2026-02-15,00076,PROD_003,CMP-02,Online / Directo,3,750.0,,2250.0,2025.0,COMPLETED
ORD-10914,2026-02-15,00022,PROD_001,CMP-02,Mayorista / B2B,19,4500.0,4275.0,85500.0,81225.0,COMPLETED
ORD-10915,2026-02-15,00065,PROD_004,,Retail / Tiendas,2,380.0,0.0,760.0,760.0,COMPLETED
ORD-10916,2026-02-15,00011,PROD_004,,Retail / Tiendas,3,380.0,57.0,1140.0,1083.0,COMPLETED
ORD-10917,2026-02-15,00055,PROD_005,CMP-02,Online / Directo,1,650.0,0.0,650.0,650.0,COMPLETED
ORD-10918,2026-02-15,00056,PROD_007,,Retail / Tiendas,3,120.0,0.0,360.0,360.0,COMPLETED
ORD-10919,2026-02-15,00071,PROD_007,CMP-02,Online / Directo,2,120.0,0.0,240.0,240.0,COMPLETED
ORD-10920,2026-02-15,00071,PROD_006,,Retail / Tiendas,2,55.0,0.0,110.0,110.0,COMPLETED
ORD-10921,2026-02-15,00020,PROD_005,CMP-02,Mayorista / B2B,8,650.0,0.0,5200.0,5200.0,COMPLETED
ORD-10922,2026-02-15,00014,PROD_004,,Mayorista / B2B,9,380.0,0.0,3420.0,3420.0,COMPLETED
ORD-10923,2026-02-15,00054,PROD_002,CMP-02,Retail / Tiendas,2,2100.0,210.0,4200.0,3990.0,COMPLETED
ORD-10924,2026-02-15,00037,PROD_001,CMP-02,Mayorista / B2B,11,4500.0,0.0,49500.0,49500.0,COMPLETED
ORD-10925,2026-02-15,00076,PROD_007,,Online / Directo,2,120.0,24.0,240.0,216.0,COMPLETED
ORD-10926,2026-02-15,00002,PROD_001,CMP-02,Mayorista / B2B,11,4500.0,0.0,49500.0,49500.0,COMPLETED
ORD-10927,2026-02-16,00053,PROD_003,,Online / Directo,1,750.0,0.0,750.0,750.0,COMPLETED
ORD-10928,2026-02-16,00073,PROD_006,CMP-02,Online / Directo,3,55.0,8.25,165.0,156.75,COMPLETED
ORD-10929,2026-02-16,00037,PROD_005,CMP-02,Online / Directo,1,650.0,32.5,650.0,617.5,COMPLETED
ORD-10930,2026-02-16,00020,PROD_004,CMP-02,Online / Directo,2,380.0,0.0,760.0,760.0,COMPLETED
ORD-10931,2026-02-16,00077,PROD_002,CMP-02,Retail / Tiendas,1,2100.0,0.0,2100.0,2100.0,COMPLETED
ORD-10932,2026-02-16,00010,PROD_001,,Retail / Tiendas,2,4500.0,450.0,9000.0,8550.0,COMPLETED
ORD-10933,2026-02-16,00022,PROD_008,,Mayorista / B2B,13,1400.0,910.0,18200.0,17290.0,COMPLETED
ORD-10934,2026-02-16,00034,PROD_007,CMP-02,Mayorista / B2B,13,120.0,0.0,1560.0,1560.0,COMPLETED
ORD-10935,2026-02-16,00041,PROD_006,CMP-02,Mayorista / B2B,18,55.0,49.5,990.0,940.5,COMPLETED
ORD-10936,2026-02-16,00068,PROD_006,CMP-02,Retail / Tiendas,2,55.0,,110.0,104.5,COMPLETED
ORD-10937,2026-02-16,00010,PROD_002,,Mayorista / B2B,11,2100.0,0.0,23100.0,23100.0,COMPLETED
ORD-10938,2026-02-16,00010,PROD_007,,Retail / Tiendas,1,120.0,18.0,120.0,102.0,COMPLETED
ORD-10939,2026-02-16,00065,PROD_005,CMP-02,Mayorista / B2B,5,650.0,162.5,3250.0,3087.5,COMPLETED
ORD-10940,2026-02-16,00017,PROD_001,CMP-02,Mayorista / B2B,6,4500.0,0.0,27000.0,27000.0,COMPLETED
ORD-10941,2026-02-16,00031,PROD_001,,Mayorista / B2B,19,4500.0,12825.0,85500.0,72675.0,COMPLETED
ORD-10942,2026-02-17,00017,PROD_003,CMP-02,Mayorista / B2B,24,750.0,1800.0,18000.0,16200.0,COMPLETED
ORD-10943,2026-02-17,00003,PROD_001,,Online / Directo,2,4500.0,0.0,9000.0,9000.0,COMPLETED
ORD-10944,2026-02-17,00002,PROD_006,,Mayorista / B2B,6,55.0,16.5,330.0,313.5,COMPLETED
ORD-10945,2026-02-17,00015,PROD_005,CMP-02,Online / Directo,2,650.0,195.0,1300.0,1105.0,COMPLETED
ORD-10946,2026-02-17,00020,PROD_004,CMP-02,Mayorista / B2B,22,380.0,0.0,8360.0,8360.0,COMPLETED
ORD-10947,2026-02-17,00042,PROD_007,,Mayorista / B2B,8,120.0,48.0,960.0,912.0,COMPLETED
ORD-10948,2026-02-17,00019,PROD_005,,Mayorista / B2B,23,650.0,0.0,14950.0,14950.0,COMPLETED
ORD-10949,2026-02-17,00071,PROD_002,CMP-02,Online / Directo,2,2100.0,420.0,4200.0,3780.0,COMPLETED
ORD-10950,2026-02-17,00066,PROD_002,CMP-02,Retail / Tiendas,1,2100.0,315.0,2100.0,1785.0,COMPLETED
ORD-10951,2026-02-17,00072,PROD_003,CMP-02,Mayorista / B2B,13,750.0,0.0,9750.0,9750.0,COMPLETED
ORD-10952,2026-02-17,00065,PROD_001,,Mayorista / B2B,14,4500.0,0.0,63000.0,63000.0,COMPLETED
ORD-10953,2026-02-17,00045,PROD_001,,Mayorista / B2B,20,4500.0,0.0,90000.0,90000.0,COMPLETED
ORD-10954,2026-02-17,00014,PROD_002,CMP-02,Online / Directo,1,2100.0,210.0,2100.0,1890.0,COMPLETED
ORD-10955,2026-02-17,00063,PROD_005,,Mayorista / B2B,23,650.0,1495.0,14950.0,13455.0,COMPLETED
ORD-10956,2026-02-17,00017,PROD_006,CMP-02,Mayorista / B2B,23,55.0,0.0,1265.0,1265.0,COMPLETED
ORD-10957,2026-02-17,00053,PROD_007,,Online / Directo,2,120.0,0.0,240.0,240.0,COMPLETED
ORD-10958,2026-02-17,00044,PROD_008,,Mayorista / B2B,20,1400.0,0.0,28000.0,28000.0,COMPLETED
ORD-10959,2026-02-17,00004,PROD_004,CMP-02,Retail / Tiendas,1,380.0,19.0,380.0,361.0,COMPLETED
ORD-10960,2026-02-17,00019,PROD_008,,Mayorista / B2B,23,1400.0,0.0,32200.0,32200.0,COMPLETED
ORD-10961,2026-02-17,00077,PROD_002,CMP-02,Retail / Tiendas,1,2100.0,210.0,2100.0,1890.0,COMPLETED
ORD-10962,2026-02-18,00062,PROD_005,,Online / Directo,2,650.0,130.0,1300.0,1170.0,COMPLETED
ORD-10963,2026-02-18,00003,PROD_005,CMP-02,Mayorista / B2B,16,650.0,1040.0,10400.0,9360.0,COMPLETED
ORD-10964,2026-02-18,00049,PROD_003,,Mayorista / B2B,5,750.0,562.5,3750.0,3187.5,COMPLETED
ORD-10965,2026-02-18,00045,PROD_006,,Retail / Tiendas,3,55.0,0.0,165.0,165.0,COMPLETED
ORD-10966,2026-02-18,00044,PROD_003,CMP-02,Mayorista / B2B,24,750.0,1800.0,18000.0,16200.0,COMPLETED
ORD-10967,2026-02-18,00046,PROD_001,CMP-02,Online / Directo,2,4500.0,0.0,9000.0,9000.0,COMPLETED
ORD-10968,2026-02-18,00061,PROD_007,,Mayorista / B2B,5,120.0,0.0,600.0,600.0,COMPLETED
ORD-10969,2026-02-18,00067,PROD_002,,Retail / Tiendas,1,2100.0,210.0,2100.0,1890.0,COMPLETED
ORD-10970,2026-02-18,00057,PROD_008,CMP-02,Mayorista / B2B,19,1400.0,1330.0,26600.0,25270.0,COMPLETED
ORD-10971,2026-02-18,00041,PROD_007,CMP-02,Mayorista / B2B,6,120.0,36.0,720.0,684.0,COMPLETED
ORD-10972,2026-02-18,00064,PROD_004,,Mayorista / B2B,21,380.0,399.0,7980.0,7581.0,COMPLETED
ORD-10973,2026-02-18,00079,PROD_003,CMP-02,Retail / Tiendas,2,750.0,75.0,1500.0,1425.0,COMPLETED
ORD-10974,2026-02-18,00075,PROD_004,,Mayorista / B2B,22,380.0,1254.0,8360.0,7106.0,COMPLETED
ORD-10975,2026-02-18,00011,PROD_008,CMP-02,Retail / Tiendas,1,1400.0,0.0,1400.0,1400.0,COMPLETED
ORD-10976,2026-02-18,00001,PROD_001,CMP-02,Mayorista / B2B,12,4500.0,5400.0,54000.0,48600.0,COMPLETED
ORD-10977,2026-02-19,00002,PROD_006,,Online / Directo,2,55.0,11.0,110.0,99.0,COMPLETED
ORD-10978,2026-02-19,00014,PROD_005,CMP-02,Retail / Tiendas,3,650.0,97.5,1950.0,1852.5,COMPLETED
ORD-10979,2026-02-19,00072,PROD_004,,Mayorista / B2B,8,380.0,456.0,3040.0,2584.0,COMPLETED
ORD-10980,2026-02-19,00064,PROD_008,CMP-02,Online / Directo,3,1400.0,0.0,4200.0,4200.0,COMPLETED
ORD-10981,2026-02-19,00015,PROD_002,,Retail / Tiendas,1,2100.0,315.0,2100.0,1785.0,COMPLETED
ORD-10982,2026-02-19,00010,PROD_007,CMP-02,Mayorista / B2B,9,120.0,108.0,1080.0,972.0,COMPLETED
ORD-10983,2026-02-19,00053,PROD_006,CMP-02,Mayorista / B2B,16,55.0,132.0,880.0,748.0,COMPLETED
ORD-10984,2026-02-19,00010,PROD_008,,Retail / Tiendas,1,1400.0,0.0,1400.0,1400.0,COMPLETED
ORD-10985,2026-02-19,00052,PROD_005,,Mayorista / B2B,16,650.0,1040.0,10400.0,9360.0,COMPLETED
ORD-10986,2026-02-19,00061,PROD_008,CMP-02,Online / Directo,2,1400.0,280.0,2800.0,2520.0,COMPLETED
ORD-10987,2026-02-19,00062,PROD_002,,Mayorista / B2B,15,2100.0,3150.0,31500.0,28350.0,COMPLETED
ORD-10988,2026-02-19,00057,PROD_005,,Retail / Tiendas,1,650.0,97.5,650.0,552.5,COMPLETED
ORD-10989,2026-02-19,00052,PROD_002,CMP-02,Retail / Tiendas,1,2100.0,105.0,2100.0,1995.0,COMPLETED
ORD-10990,2026-02-19,00052,PROD_003,,Retail / Tiendas,1,750.0,0.0,750.0,750.0,COMPLETED
ORD-10991,2026-02-19,00015,PROD_006,CMP-02,Retail / Tiendas,1,55.0,2.75,55.0,52.25,COMPLETED
ORD-10992,2026-02-19,00073,PROD_008,,Retail / Tiendas,3,1400.0,210.0,4200.0,3990.0,COMPLETED
ORD-10993,2026-02-20,00024,PROD_002,CMP-02,Mayorista / B2B,17,2100.0,5355.0,35700.0,30345.0,COMPLETED
ORD-10994,2026-02-20,00044,PROD_005,,Mayorista / B2B,8,650.0,0.0,5200.0,5200.0,COMPLETED
ORD-10995,2026-02-20,00026,PROD_008,,Retail / Tiendas,3,1400.0,0.0,4200.0,4200.0,COMPLETED
ORD-10996,2026-02-20,00068,PROD_001,,Online / Directo,1,4500.0,450.0,4500.0,4050.0,COMPLETED
ORD-10997,2026-02-20,00010,PROD_006,CMP-02,Mayorista / B2B,18,55.0,148.5,990.0,841.5,COMPLETED
ORD-10998,2026-02-20,00052,PROD_002,CMP-02,Retail / Tiendas,3,2100.0,0.0,6300.0,6300.0,COMPLETED
ORD-10999,2026-02-20,00027,PROD_003,,Mayorista / B2B,9,750.0,337.5,6750.0,6412.5,COMPLETED
ORD-11000,2026-02-20,00011,PROD_004,,Mayorista / B2B,17,380.0,969.0,6460.0,5491.0,COMPLETED
ORD-11001,2026-02-20,00018,PROD_003,,Retail / Tiendas,1,750.0,0.0,750.0,750.0,COMPLETED
ORD-11002,2026-02-20,00003,PROD_006,,Retail / Tiendas,3,55.0,0.0,165.0,165.0,COMPLETED
ORD-11003,2026-02-20,00024,PROD_003,,Mayorista / B2B,9,750.0,0.0,6750.0,6750.0,COMPLETED
ORD-11004,2026-02-20,00029,PROD_001,,Online / Directo,1,4500.0,450.0,4500.0,4050.0,COMPLETED
ORD-11005,2026-02-20,00056,PROD_007,CMP-02,Mayorista / B2B,20,120.0,360.0,2400.0,2040.0,COMPLETED
ORD-11006,2026-02-20,00056,PROD_007,CMP-02,Mayorista / B2B,9,120.0,0.0,1080.0,1080.0,COMPLETED
ORD-11007,2026-02-20,00036,PROD_008,CMP-02,Mayorista / B2B,6,1400.0,0.0,8400.0,8400.0,COMPLETED
ORD-11008,2026-02-20,00013,PROD_001,CMP-02,Mayorista / B2B,5,4500.0,1125.0,22500.0,21375.0,COMPLETED
ORD-11009,2026-02-20,00041,PROD_006,,Retail / Tiendas,1,55.0,2.75,55.0,52.25,COMPLETED
ORD-11010,2026-02-21,00006,PROD_001,,Online / Directo,1,4500.0,0.0,4500.0,4500.0,COMPLETED
ORD-11011,2026-02-21,00029,PROD_002,CMP-02,Retail / Tiendas,2,2100.0,420.0,4200.0,3780.0,COMPLETED
ORD-11012,2026-02-21,00060,PROD_004,,Retail / Tiendas,2,380.0,,760.0,684.0,COMPLETED
ORD-11013,2026-02-21,00015,PROD_001,,Online / Directo,3,4500.0,,13500.0,13500.0,COMPLETED
ORD-11014,2026-02-21,00065,PROD_008,CMP-02,Retail / Tiendas,1,1400.0,0.0,1400.0,1400.0,COMPLETED
ORD-11015,2026-02-21,00027,PROD_006,CMP-02,Mayorista / B2B,14,55.0,38.5,770.0,731.5,COMPLETED
ORD-11016,2026-02-21,00053,PROD_005,,Retail / Tiendas,2,650.0,195.0,1300.0,1105.0,COMPLETED
ORD-11017,2026-02-21,00075,PROD_008,,Online / Directo,2,1400.0,140.0,2800.0,2660.0,COMPLETED
ORD-11018,2026-02-21,00022,PROD_005,,Retail / Tiendas,3,650.0,,1950.0,1755.0,COMPLETED
ORD-11019,2026-02-21,00026,PROD_001,,Mayorista / B2B,8,4500.0,1800.0,36000.0,34200.0,COMPLETED
ORD-11020,2026-02-21,00028,PROD_001,CMP-02,Mayorista / B2B,16,4500.0,3600.0,72000.0,68400.0,COMPLETED
ORD-11021,2026-02-21,00077,PROD_003,,Retail / Tiendas,1,750.0,0.0,750.0,750.0,COMPLETED
ORD-11022,2026-02-21,00077,PROD_001,CMP-02,Mayorista / B2B,21,4500.0,0.0,94500.0,94500.0,COMPLETED
ORD-11023,2026-02-21,00054,PROD_008,,Mayorista / B2B,22,1400.0,3080.0,30800.0,27720.0,COMPLETED
ORD-11024,2026-02-21,00011,PROD_001,CMP-02,Online / Directo,2,4500.0,0.0,9000.0,9000.0,COMPLETED
ORD-11025,2026-02-21,00053,PROD_003,,Retail / Tiendas,3,750.0,0.0,2250.0,2250.0,COMPLETED
ORD-11026,2026-02-21,00012,PROD_007,CMP-02,Retail / Tiendas,2,120.0,0.0,240.0,240.0,COMPLETED
ORD-11027,2026-02-21,00055,PROD_001,CMP-02,Online / Directo,1,4500.0,0.0,4500.0,4500.0,COMPLETED
ORD-11028,2026-02-21,00052,PROD_002,CMP-02,Mayorista / B2B,15,2100.0,0.0,31500.0,31500.0,COMPLETED
ORD-11029,2026-02-22,00068,PROD_002,CMP-02,Mayorista / B2B,24,2100.0,0.0,50400.0,50400.0,COMPLETED
ORD-11030,2026-02-22,00056,PROD_007,CMP-02,Retail / Tiendas,2,120.0,0.0,240.0,240.0,COMPLETED
ORD-11031,2026-02-22,00067,PROD_005,CMP-02,Online / Directo,3,650.0,0.0,1950.0,1950.0,COMPLETED
ORD-11032,2026-02-22,00014,PROD_002,,Mayorista / B2B,5,2100.0,0.0,10500.0,10500.0,COMPLETED
ORD-11033,2026-02-22,00043,PROD_007,,Retail / Tiendas,1,120.0,12.0,120.0,108.0,COMPLETED
ORD-11034,2026-02-22,00060,PROD_003,,Mayorista / B2B,5,750.0,562.5,3750.0,3187.5,COMPLETED
ORD-11035,2026-02-22,00014,PROD_004,,Retail / Tiendas,1,380.0,0.0,380.0,380.0,COMPLETED
ORD-11036,2026-02-22,00029,PROD_005,,Mayorista / B2B,10,650.0,0.0,6500.0,6500.0,COMPLETED
ORD-11037,2026-02-22,00074,PROD_001,CMP-02,Online / Directo,3,4500.0,0.0,13500.0,13500.0,COMPLETED
ORD-11038,2026-02-22,00013,PROD_001,,Mayorista / B2B,6,4500.0,0.0,27000.0,27000.0,CANCELLED
ORD-11039,2026-02-22,00061,PROD_007,,Mayorista / B2B,22,120.0,0.0,2640.0,2640.0,COMPLETED
ORD-11040,2026-02-22,00079,PROD_004,,Online / Directo,2,380.0,114.0,760.0,646.0,COMPLETED
ORD-11041,2026-02-22,00039,PROD_006,CMP-02,Retail / Tiendas,2,55.0,5.5,110.0,104.5,COMPLETED
ORD-11042,2026-02-22,00062,PROD_007,CMP-02,Online / Directo,2,120.0,0.0,240.0,240.0,COMPLETED
ORD-11043,2026-02-22,00051,PROD_008,,Retail / Tiendas,2,1400.0,0.0,2800.0,2800.0,COMPLETED
ORD-11044,2026-02-22,00071,PROD_008,CMP-02,Retail / Tiendas,3,1400.0,0.0,4200.0,4200.0,COMPLETED
ORD-11045,2026-02-22,00039,PROD_008,,Retail / Tiendas,2,1400.0,280.0,2800.0,2520.0,COMPLETED
ORD-11046,2026-02-22,00070,PROD_001,CMP-02,Mayorista / B2B,10,4500.0,6750.0,45000.0,38250.0,COMPLETED
ORD-11047,2026-02-22,00064,PROD_008,CMP-02,Retail / Tiendas,1,1400.0,70.0,1400.0,1330.0,COMPLETED
ORD-11048,2026-02-22,00037,PROD_008,,Retail / Tiendas,3,1400.0,210.0,4200.0,3990.0,COMPLETED
ORD-11049,2026-02-22,00038,PROD_004,CMP-02,Mayorista / B2B,6,380.0,0.0,2280.0,2280.0,COMPLETED
ORD-11050,2026-02-22,00062,PROD_004,,Mayorista / B2B,15,380.0,855.0,5700.0,4845.0,COMPLETED
ORD-11051,2026-02-23,00027,PROD_001,,Retail / Tiendas,1,4500.0,0.0,4500.0,4500.0,COMPLETED
ORD-11052,2026-02-23,00041,PROD_007,CMP-02,Mayorista / B2B,9,120.0,54.0,1080.0,1026.0,COMPLETED
ORD-11053,2026-02-23,00003,PROD_002,,Mayorista / B2B,9,2100.0,0.0,18900.0,18900.0,COMPLETED
ORD-11054,2026-02-23,00057,PROD_007,CMP-02,Online / Directo,3,120.0,18.0,360.0,342.0,COMPLETED
ORD-11055,2026-02-23,00032,PROD_006,,Mayorista / B2B,20,55.0,0.0,1100.0,1100.0,COMPLETED
ORD-11056,2026-02-23,00072,PROD_008,CMP-02,Mayorista / B2B,9,1400.0,0.0,12600.0,12600.0,COMPLETED
ORD-11057,2026-02-23,00009,PROD_001,CMP-02,Mayorista / B2B,22,4500.0,14850.0,99000.0,84150.0,COMPLETED
ORD-11058,2026-02-23,00067,PROD_005,CMP-02,Mayorista / B2B,18,650.0,1170.0,11700.0,10530.0,COMPLETED
ORD-11059,2026-02-23,00010,PROD_001,CMP-02,Retail / Tiendas,1,4500.0,0.0,4500.0,4500.0,COMPLETED
ORD-11060,2026-02-23,00049,PROD_001,,Retail / Tiendas,2,4500.0,900.0,9000.0,8100.0,COMPLETED
ORD-11061,2026-02-23,00065,PROD_001,,Online / Directo,1,4500.0,,4500.0,4275.0,COMPLETED
ORD-11062,2026-02-23,00069,PROD_005,CMP-02,Retail / Tiendas,1,650.0,0.0,650.0,650.0,COMPLETED
ORD-11063,2026-02-23,00037,PROD_007,,Online / Directo,1,120.0,12.0,120.0,108.0,COMPLETED
ORD-11064,2026-02-23,00026,PROD_002,CMP-02,Retail / Tiendas,3,2100.0,315.0,6300.0,5985.0,COMPLETED
ORD-11065,2026-02-23,00035,PROD_007,CMP-02,Mayorista / B2B,12,120.0,72.0,1440.0,1368.0,COMPLETED
ORD-11066,2026-02-23,00040,PROD_001,CMP-02,Retail / Tiendas,1,4500.0,0.0,4500.0,4500.0,COMPLETED
ORD-11067,2026-02-23,00041,PROD_003,CMP-02,Online / Directo,3,750.0,225.0,2250.0,2025.0,COMPLETED
ORD-11068,2026-02-23,00078,PROD_003,CMP-02,Mayorista / B2B,18,750.0,,13500.0,12825.0,COMPLETED
ORD-11069,2026-02-23,00009,PROD_005,CMP-02,Retail / Tiendas,1,650.0,0.0,650.0,650.0,COMPLETED
ORD-11070,2026-02-23,00027,PROD_006,CMP-02,Online / Directo,2,55.0,0.0,110.0,110.0,COMPLETED
ORD-11071,2026-02-23,00032,PROD_006,CMP-02,Mayorista / B2B,20,55.0,165.0,1100.0,935.0,COMPLETED
ORD-11072,2026-02-23,00060,PROD_008,,Online / Directo,2,1400.0,0.0,2800.0,2800.0,COMPLETED
ORD-11073,2026-02-23,00059,PROD_003,CMP-02,Retail / Tiendas,2,750.0,0.0,1500.0,1500.0,COMPLETED
ORD-11074,2026-02-24,00041,PROD_002,,Retail / Tiendas,1,2100.0,0.0,2100.0,2100.0,COMPLETED
ORD-11075,2026-02-24,00036,PROD_001,CMP-02,Mayorista / B2B,10,4500.0,0.0,45000.0,45000.0,COMPLETED
ORD-11076,2026-02-24,00080,PROD_007,,Online / Directo,1,120.0,0.0,120.0,120.0,COMPLETED
ORD-11077,2026-02-24,00055,PROD_003,,Mayorista / B2B,17,750.0,637.5,12750.0,12112.5,COMPLETED
ORD-11078,2026-02-24,00035,PROD_007,,Mayorista / B2B,14,120.0,0.0,1680.0,1680.0,COMPLETED
ORD-11079,2026-02-24,00072,PROD_004,CMP-02,Retail / Tiendas,1,380.0,19.0,380.0,361.0,COMPLETED
ORD-11080,2026-02-24,00013,PROD_005,CMP-02,Online / Directo,1,650.0,32.5,650.0,617.5,COMPLETED
ORD-11081,2026-02-24,00052,PROD_001,,Retail / Tiendas,3,4500.0,0.0,13500.0,13500.0,COMPLETED
ORD-11082,2026-02-24,00024,PROD_005,CMP-02,Mayorista / B2B,13,650.0,422.5,8450.0,8027.5,COMPLETED
ORD-11083,2026-02-24,00018,PROD_004,,Mayorista / B2B,7,380.0,0.0,2660.0,2660.0,COMPLETED
ORD-11084,2026-02-24,00031,PROD_005,,Retail / Tiendas,3,650.0,0.0,1950.0,1950.0,CANCELLED
ORD-11085,2026-02-24,00017,PROD_002,,Mayorista / B2B,11,2100.0,1155.0,23100.0,21945.0,COMPLETED
ORD-11086,2026-02-24,00044,PROD_001,CMP-02,Mayorista / B2B,8,4500.0,0.0,36000.0,36000.0,COMPLETED
ORD-11087,2026-02-24,00063,PROD_007,,Online / Directo,1,120.0,0.0,120.0,120.0,COMPLETED
ORD-11088,2026-02-24,00035,PROD_002,,Mayorista / B2B,17,2100.0,0.0,35700.0,35700.0,COMPLETED
ORD-11089,2026-02-24,00016,PROD_002,,Online / Directo,3,2100.0,945.0,6300.0,5355.0,COMPLETED
ORD-11090,2026-02-24,00037,PROD_002,CMP-02,Online / Directo,2,2100.0,0.0,4200.0,4200.0,COMPLETED
ORD-11091,2026-02-25,00056,PROD_004,CMP-02,Mayorista / B2B,10,380.0,0.0,3800.0,3800.0,COMPLETED
ORD-11092,2026-02-25,00008,PROD_008,,Mayorista / B2B,15,1400.0,1050.0,21000.0,19950.0,COMPLETED
ORD-11093,2026-02-25,00052,PROD_006,,Mayorista / B2B,8,55.0,0.0,440.0,440.0,COMPLETED
ORD-11094,2026-02-25,00031,PROD_005,,Retail / Tiendas,2,650.0,65.0,1300.0,1235.0,COMPLETED
ORD-11095,2026-02-25,00027,PROD_007,,Retail / Tiendas,3,120.0,0.0,360.0,360.0,COMPLETED
ORD-11096,2026-02-25,00015,PROD_005,CMP-02,Retail / Tiendas,3,650.0,97.5,1950.0,1852.5,COMPLETED
ORD-11097,2026-02-25,00080,PROD_001,,Mayorista / B2B,19,4500.0,8550.0,85500.0,76950.0,COMPLETED
ORD-11098,2026-02-25,00049,PROD_008,CMP-02,Retail / Tiendas,1,1400.0,70.0,1400.0,1330.0,COMPLETED
ORD-11099,2026-02-25,00012,PROD_007,CMP-02,Retail / Tiendas,2,120.0,0.0,240.0,240.0,CANCELLED
ORD-11100,2026-02-25,00040,PROD_001,,Online / Directo,2,4500.0,,9000.0,8550.0,COMPLETED
ORD-11101,2026-02-25,00019,PROD_007,CMP-02,Mayorista / B2B,17,120.0,102.0,2040.0,1938.0,COMPLETED
ORD-11102,2026-02-25,00041,PROD_001,,Retail / Tiendas,1,4500.0,0.0,4500.0,4500.0,COMPLETED
ORD-11103,2026-02-25,00029,PROD_002,CMP-02,Online / Directo,3,2100.0,0.0,6300.0,6300.0,COMPLETED
ORD-11104,2026-02-25,00066,PROD_007,,Retail / Tiendas,3,120.0,0.0,360.0,360.0,COMPLETED
ORD-11105,2026-02-25,00068,PROD_008,CMP-02,Mayorista / B2B,16,1400.0,0.0,22400.0,22400.0,COMPLETED
ORD-11106,2026-02-25,00053,PROD_006,CMP-02,Online / Directo,3,55.0,24.75,165.0,140.25,COMPLETED
ORD-11107,2026-02-25,00077,PROD_007,,Retail / Tiendas,2,120.0,0.0,240.0,240.0,COMPLETED
ORD-11108,2026-02-25,00010,PROD_005,CMP-02,Mayorista / B2B,7,650.0,0.0,4550.0,4550.0,COMPLETED
ORD-11109,2026-02-25,00011,PROD_002,CMP-02,Online / Directo,2,2100.0,0.0,4200.0,4200.0,COMPLETED
ORD-11110,2026-02-25,00025,PROD_006,,Online / Directo,2,55.0,5.5,110.0,104.5,COMPLETED
ORD-11111,2026-02-25,00048,PROD_004,CMP-02,Mayorista / B2B,17,380.0,0.0,6460.0,6460.0,COMPLETED
ORD-11112,2026-02-25,00035,PROD_004,,Online / Directo,2,380.0,0.0,760.0,760.0,COMPLETED
ORD-11113,2026-02-25,00074,PROD_007,CMP-02,Retail / Tiendas,3,120.0,0.0,360.0,360.0,COMPLETED
ORD-11114,2026-02-25,00061,PROD_005,,Mayorista / B2B,12,650.0,780.0,7800.0,7020.0,COMPLETED
ORD-11115,2026-02-26,00063,PROD_005,,Mayorista / B2B,18,650.0,1170.0,11700.0,10530.0,COMPLETED
ORD-11116,2026-02-26,00065,PROD_008,,Mayorista / B2B,22,1400.0,3080.0,30800.0,27720.0,COMPLETED
ORD-11117,2026-02-26,00065,PROD_008,CMP-02,Mayorista / B2B,16,1400.0,0.0,22400.0,22400.0,COMPLETED
ORD-11118,2026-02-26,00077,PROD_004,,Retail / Tiendas,1,380.0,0.0,380.0,380.0,COMPLETED
ORD-11119,2026-02-26,00068,PROD_004,CMP-02,Online / Directo,2,380.0,,760.0,760.0,COMPLETED
ORD-11120,2026-02-26,00016,PROD_001,CMP-02,Mayorista / B2B,24,4500.0,5400.0,108000.0,102600.0,COMPLETED
ORD-11121,2026-02-26,00041,PROD_006,CMP-02,Retail / Tiendas,2,55.0,5.5,110.0,104.5,COMPLETED
ORD-11122,2026-02-26,00017,PROD_004,CMP-02,Mayorista / B2B,13,380.0,247.0,4940.0,4693.0,COMPLETED
ORD-11123,2026-02-26,00070,PROD_002,CMP-02,Mayorista / B2B,20,2100.0,4200.0,42000.0,37800.0,COMPLETED
ORD-11124,2026-02-26,00075,PROD_008,,Online / Directo,1,1400.0,210.0,1400.0,1190.0,COMPLETED
ORD-11125,2026-02-26,00076,PROD_006,,Mayorista / B2B,12,55.0,99.0,660.0,561.0,COMPLETED
ORD-11126,2026-02-26,00050,PROD_006,CMP-02,Mayorista / B2B,20,55.0,110.0,1100.0,990.0,COMPLETED
ORD-11127,2026-02-26,00073,PROD_004,CMP-02,Retail / Tiendas,3,380.0,0.0,1140.0,1140.0,COMPLETED
ORD-11128,2026-02-26,00068,PROD_001,CMP-02,Mayorista / B2B,17,4500.0,0.0,76500.0,76500.0,COMPLETED
ORD-11129,2026-02-26,00005,PROD_006,CMP-02,Retail / Tiendas,1,55.0,5.5,55.0,49.5,COMPLETED
ORD-11130,2026-02-26,00027,PROD_002,CMP-02,Retail / Tiendas,2,2100.0,0.0,4200.0,4200.0,COMPLETED
ORD-11131,2026-02-26,00070,PROD_007,CMP-02,Retail / Tiendas,3,120.0,54.0,360.0,306.0,COMPLETED
ORD-11132,2026-02-26,00048,PROD_008,CMP-02,Online / Directo,3,1400.0,0.0,4200.0,4200.0,COMPLETED
ORD-11133,2026-02-26,00053,PROD_003,,Retail / Tiendas,2,750.0,0.0,1500.0,1500.0,COMPLETED
ORD-11134,2026-02-26,00019,PROD_006,,Mayorista / B2B,7,55.0,57.75,385.0,327.25,COMPLETED
ORD-11135,2026-02-26,00057,PROD_006,CMP-02,Mayorista / B2B,5,55.0,0.0,275.0,275.0,COMPLETED
ORD-11136,2026-02-26,00010,PROD_008,,Mayorista / B2B,16,1400.0,0.0,22400.0,22400.0,COMPLETED
ORD-11137,2026-02-26,00060,PROD_006,CMP-02,Mayorista / B2B,21,55.0,57.75,1155.0,1097.25,COMPLETED
ORD-11138,2026-02-27,00029,PROD_008,,Retail / Tiendas,3,1400.0,210.0,4200.0,3990.0,COMPLETED
ORD-11139,2026-02-27,00064,PROD_001,,Mayorista / B2B,6,4500.0,2700.0,27000.0,24300.0,COMPLETED
ORD-11140,2026-02-27,00012,PROD_001,CMP-02,Online / Directo,2,4500.0,450.0,9000.0,8550.0,COMPLETED
ORD-11141,2026-02-27,00054,PROD_002,CMP-02,Online / Directo,3,2100.0,0.0,6300.0,6300.0,COMPLETED
ORD-11142,2026-02-27,00079,PROD_006,CMP-02,Online / Directo,3,55.0,8.25,165.0,156.75,COMPLETED
ORD-11143,2026-02-27,00032,PROD_005,CMP-02,Retail / Tiendas,3,650.0,,1950.0,1657.5,COMPLETED
ORD-11144,2026-02-27,00056,PROD_008,,Mayorista / B2B,6,1400.0,0.0,8400.0,8400.0,COMPLETED
ORD-11145,2026-02-27,00063,PROD_003,CMP-02,Retail / Tiendas,3,750.0,337.5,2250.0,1912.5,CANCELLED
ORD-11146,2026-02-27,00026,PROD_008,CMP-02,Mayorista / B2B,12,1400.0,0.0,16800.0,16800.0,COMPLETED
ORD-11147,2026-02-27,00059,PROD_002,,Retail / Tiendas,3,2100.0,630.0,6300.0,5670.0,COMPLETED
ORD-11148,2026-02-27,00071,PROD_004,CMP-02,Retail / Tiendas,2,380.0,76.0,760.0,684.0,COMPLETED
ORD-11149,2026-02-27,00074,PROD_003,CMP-02,Retail / Tiendas,3,750.0,0.0,2250.0,2250.0,COMPLETED
ORD-11150,2026-02-27,00019,PROD_007,CMP-02,Mayorista / B2B,10,120.0,,1200.0,1140.0,COMPLETED
ORD-11151,2026-02-27,00074,PROD_004,,Mayorista / B2B,22,380.0,836.0,8360.0,7524.0,COMPLETED
ORD-11152,2026-02-27,00040,PROD_006,CMP-02,Online / Directo,2,55.0,0.0,110.0,110.0,COMPLETED
ORD-11153,2026-02-27,00005,PROD_004,CMP-02,Mayorista / B2B,5,380.0,0.0,1900.0,1900.0,COMPLETED
ORD-11154,2026-02-27,00042,PROD_003,,Retail / Tiendas,2,750.0,75.0,1500.0,1425.0,COMPLETED
ORD-11155,2026-02-27,00058,PROD_004,CMP-02,Mayorista / B2B,24,380.0,0.0,9120.0,9120.0,COMPLETED
ORD-11156,2026-02-27,00053,PROD_008,CMP-02,Mayorista / B2B,16,1400.0,1120.0,22400.0,21280.0,COMPLETED
ORD-11157,2026-02-27,00042,PROD_002,CMP-02,Mayorista / B2B,8,2100.0,2520.0,16800.0,14280.0,COMPLETED
ORD-11158,2026-02-27,00044,PROD_005,,Online / Directo,3,650.0,,1950.0,1950.0,COMPLETED
ORD-11159,2026-02-27,00072,PROD_007,CMP-02,Retail / Tiendas,2,120.0,12.0,240.0,228.0,COMPLETED
ORD-11160,2026-02-28,00070,PROD_003,,Mayorista / B2B,15,750.0,1125.0,11250.0,10125.0,COMPLETED
ORD-11161,2026-02-28,00016,PROD_004,,Online / Directo,2,380.0,38.0,760.0,722.0,COMPLETED
ORD-11162,2026-02-28,00071,PROD_006,CMP-02,Online / Directo,3,55.0,0.0,165.0,165.0,COMPLETED
ORD-11163,2026-02-28,00030,PROD_002,CMP-02,Retail / Tiendas,2,2100.0,0.0,4200.0,4200.0,COMPLETED
ORD-11164,2026-02-28,00012,PROD_001,CMP-02,Mayorista / B2B,16,4500.0,3600.0,72000.0,68400.0,COMPLETED
ORD-11165,2026-02-28,00024,PROD_003,,Retail / Tiendas,3,750.0,112.5,2250.0,2137.5,COMPLETED
ORD-11166,2026-02-28,00024,PROD_008,,Mayorista / B2B,9,1400.0,0.0,12600.0,12600.0,COMPLETED
ORD-11167,2026-02-28,00006,PROD_007,CMP-02,Retail / Tiendas,1,120.0,0.0,120.0,120.0,COMPLETED
ORD-11168,2026-02-28,00047,PROD_003,,Online / Directo,3,750.0,225.0,2250.0,2025.0,CANCELLED
ORD-11169,2026-02-28,00041,PROD_003,,Mayorista / B2B,9,750.0,0.0,6750.0,6750.0,COMPLETED
ORD-11170,2026-02-28,00040,PROD_003,CMP-02,Retail / Tiendas,3,750.0,337.5,2250.0,1912.5,COMPLETED
ORD-11171,2026-02-28,00008,PROD_001,,Retail / Tiendas,2,4500.0,0.0,9000.0,9000.0,COMPLETED
ORD-11172,2026-02-28,00027,PROD_005,CMP-02,Mayorista / B2B,17,650.0,552.5,11050.0,10497.5,COMPLETED
ORD-11173,2026-02-28,00008,PROD_008,,Retail / Tiendas,2,1400.0,0.0,2800.0,2800.0,COMPLETED
ORD-11174,2026-02-28,00013,PROD_001,,Retail / Tiendas,3,4500.0,675.0,13500.0,12825.0,COMPLETED
ORD-11175,2026-03-01,00040,PROD_001,CMP-03,Retail / Tiendas,2,4500.0,900.0,9000.0,8100.0,REFUNDED
ORD-11176,2026-03-01,00080,PROD_003,CMP-03,Retail / Tiendas,2,750.0,0.0,1500.0,1500.0,COMPLETED
ORD-11177,2026-03-01,00059,PROD_005,,Online / Directo,2,650.0,0.0,1300.0,1300.0,COMPLETED
ORD-11178,2026-03-01,00077,PROD_004,CMP-03,Mayorista / B2B,13,380.0,0.0,4940.0,4940.0,COMPLETED
ORD-11179,2026-03-01,00078,PROD_002,,Retail / Tiendas,1,2100.0,0.0,2100.0,2100.0,COMPLETED
ORD-11180,2026-03-01,00068,PROD_008,,Online / Directo,1,1400.0,0.0,1400.0,1400.0,COMPLETED
ORD-11181,2026-03-01,00080,PROD_002,CMP-03,Retail / Tiendas,2,2100.0,0.0,4200.0,4200.0,COMPLETED
ORD-11182,2026-03-01,00051,PROD_002,CMP-03,Online / Directo,3,2100.0,315.0,6300.0,5985.0,COMPLETED
ORD-11183,2026-03-01,00020,PROD_007,,Online / Directo,1,120.0,0.0,120.0,120.0,COMPLETED
ORD-11184,2026-03-01,00008,PROD_001,,Mayorista / B2B,8,4500.0,0.0,36000.0,36000.0,COMPLETED
ORD-11185,2026-03-01,00043,PROD_001,CMP-03,Mayorista / B2B,9,4500.0,2025.0,40500.0,38475.0,COMPLETED
ORD-11186,2026-03-01,00076,PROD_001,,Retail / Tiendas,1,4500.0,0.0,4500.0,4500.0,COMPLETED
ORD-11187,2026-03-01,00015,PROD_006,,Online / Directo,3,55.0,0.0,165.0,165.0,COMPLETED
ORD-11188,2026-03-01,00021,PROD_007,CMP-03,Retail / Tiendas,2,120.0,36.0,240.0,204.0,COMPLETED
ORD-11189,2026-03-01,00053,PROD_004,,Mayorista / B2B,13,380.0,247.0,4940.0,4693.0,COMPLETED
ORD-11190,2026-03-01,00069,PROD_005,,Online / Directo,3,650.0,0.0,1950.0,1950.0,CANCELLED
ORD-11191,2026-03-01,00067,PROD_002,CMP-03,Mayorista / B2B,10,2100.0,1050.0,21000.0,19950.0,COMPLETED
ORD-11192,2026-03-01,00003,PROD_001,,Mayorista / B2B,8,4500.0,0.0,36000.0,36000.0,COMPLETED
ORD-11193,2026-03-01,00069,PROD_007,,Retail / Tiendas,3,120.0,0.0,360.0,360.0,COMPLETED
ORD-11194,2026-03-01,00045,PROD_003,,Retail / Tiendas,3,750.0,112.5,2250.0,2137.5,COMPLETED
ORD-11195,2026-03-01,00031,PROD_002,,Mayorista / B2B,14,2100.0,2940.0,29400.0,26460.0,COMPLETED
ORD-11196,2026-03-02,00020,PROD_001,,Retail / Tiendas,3,4500.0,0.0,13500.0,13500.0,COMPLETED
ORD-11197,2026-03-02,00012,PROD_002,,Mayorista / B2B,19,2100.0,1995.0,39900.0,37905.0,COMPLETED
ORD-11198,2026-03-02,00018,PROD_004,CMP-03,Online / Directo,2,380.0,76.0,760.0,684.0,COMPLETED
ORD-11199,2026-03-02,00022,PROD_005,,Retail / Tiendas,1,650.0,32.5,650.0,617.5,CANCELLED
ORD-11200,2026-03-02,00015,PROD_003,,Online / Directo,3,750.0,0.0,2250.0,2250.0,COMPLETED
ORD-11201,2026-03-02,00037,PROD_008,,Retail / Tiendas,3,1400.0,210.0,4200.0,3990.0,COMPLETED
ORD-11202,2026-03-02,00044,PROD_006,,Online / Directo,2,55.0,0.0,110.0,110.0,COMPLETED
ORD-11203,2026-03-02,00066,PROD_003,,Mayorista / B2B,23,750.0,0.0,17250.0,17250.0,COMPLETED
ORD-11204,2026-03-02,00038,PROD_005,CMP-03,Retail / Tiendas,3,650.0,97.5,1950.0,1852.5,COMPLETED
ORD-11205,2026-03-02,00055,PROD_002,CMP-03,Retail / Tiendas,3,2100.0,0.0,6300.0,6300.0,COMPLETED
ORD-11206,2026-03-02,00020,PROD_005,CMP-03,Retail / Tiendas,1,650.0,97.5,650.0,552.5,COMPLETED
ORD-11207,2026-03-02,00022,PROD_006,CMP-03,Mayorista / B2B,9,55.0,24.75,495.0,470.25,COMPLETED
ORD-11208,2026-03-02,00028,PROD_002,,Mayorista / B2B,21,2100.0,0.0,44100.0,44100.0,COMPLETED
ORD-11209,2026-03-02,00010,PROD_006,,Retail / Tiendas,2,55.0,0.0,110.0,110.0,COMPLETED
ORD-11210,2026-03-02,00040,PROD_005,,Retail / Tiendas,2,650.0,65.0,1300.0,1235.0,COMPLETED
ORD-11211,2026-03-02,00033,PROD_004,,Online / Directo,1,380.0,0.0,380.0,380.0,COMPLETED
ORD-11212,2026-03-02,00030,PROD_004,CMP-03,Retail / Tiendas,3,380.0,0.0,1140.0,1140.0,COMPLETED
ORD-11213,2026-03-02,00072,PROD_002,,Mayorista / B2B,12,2100.0,0.0,25200.0,25200.0,COMPLETED
ORD-11214,2026-03-02,00008,PROD_005,,Mayorista / B2B,19,650.0,617.5,12350.0,11732.5,COMPLETED
ORD-11215,2026-03-02,00064,PROD_001,,Retail / Tiendas,3,4500.0,0.0,13500.0,13500.0,COMPLETED
ORD-11216,2026-03-02,00078,PROD_004,,Mayorista / B2B,14,380.0,0.0,5320.0,5320.0,COMPLETED
ORD-11217,2026-03-02,00021,PROD_006,,Retail / Tiendas,3,55.0,16.5,165.0,148.5,COMPLETED
ORD-11218,2026-03-03,00017,PROD_007,,Mayorista / B2B,11,120.0,0.0,1320.0,1320.0,COMPLETED
ORD-11219,2026-03-03,00005,PROD_001,CMP-03,Mayorista / B2B,18,4500.0,8100.0,81000.0,72900.0,COMPLETED
ORD-11220,2026-03-03,00029,PROD_003,,Mayorista / B2B,19,750.0,0.0,14250.0,14250.0,COMPLETED
ORD-11221,2026-03-03,00005,PROD_008,CMP-03,Retail / Tiendas,1,1400.0,70.0,1400.0,1330.0,COMPLETED
ORD-11222,2026-03-03,00001,PROD_002,CMP-03,Mayorista / B2B,23,2100.0,0.0,48300.0,48300.0,COMPLETED
ORD-11223,2026-03-03,00020,PROD_006,CMP-03,Retail / Tiendas,2,55.0,11.0,110.0,99.0,COMPLETED
ORD-11224,2026-03-03,00027,PROD_006,CMP-03,Mayorista / B2B,18,55.0,49.5,990.0,940.5,COMPLETED
ORD-11225,2026-03-03,00067,PROD_007,,Mayorista / B2B,10,120.0,0.0,1200.0,1200.0,COMPLETED
ORD-11226,2026-03-03,00045,PROD_005,CMP-03,Retail / Tiendas,2,650.0,130.0,1300.0,1170.0,COMPLETED
ORD-11227,2026-03-03,00018,PROD_007,,Mayorista / B2B,17,120.0,0.0,2040.0,2040.0,COMPLETED
ORD-11228,2026-03-03,00013,PROD_002,CMP-03,Mayorista / B2B,8,2100.0,0.0,16800.0,16800.0,COMPLETED
ORD-11229,2026-03-03,00018,PROD_006,,Online / Directo,1,55.0,2.75,55.0,52.25,COMPLETED
ORD-11230,2026-03-03,00044,PROD_006,,Mayorista / B2B,18,55.0,148.5,990.0,841.5,COMPLETED
ORD-11231,2026-03-03,00026,PROD_008,,Retail / Tiendas,2,1400.0,140.0,2800.0,2660.0,COMPLETED
ORD-11232,2026-03-03,00029,PROD_007,,Retail / Tiendas,2,120.0,,240.0,204.0,COMPLETED
ORD-11233,2026-03-03,00059,PROD_003,CMP-03,Online / Directo,3,750.0,225.0,2250.0,2025.0,COMPLETED
ORD-11234,2026-03-03,00033,PROD_001,CMP-03,Online / Directo,2,4500.0,450.0,9000.0,8550.0,COMPLETED
ORD-11235,2026-03-03,00004,PROD_008,,Mayorista / B2B,8,1400.0,0.0,11200.0,11200.0,COMPLETED
ORD-11236,2026-03-03,00063,PROD_001,CMP-03,Retail / Tiendas,2,4500.0,1350.0,9000.0,7650.0,COMPLETED
ORD-11237,2026-03-04,00048,PROD_003,,Retail / Tiendas,2,750.0,75.0,1500.0,1425.0,COMPLETED
ORD-11238,2026-03-04,00056,PROD_006,,Retail / Tiendas,2,55.0,0.0,110.0,110.0,COMPLETED
ORD-11239,2026-03-04,00013,PROD_003,,Online / Directo,1,750.0,0.0,750.0,750.0,COMPLETED
ORD-11240,2026-03-04,00014,PROD_006,CMP-03,Retail / Tiendas,1,55.0,0.0,55.0,55.0,REFUNDED
ORD-11241,2026-03-04,00063,PROD_006,,Mayorista / B2B,22,55.0,60.5,1210.0,1149.5,COMPLETED
ORD-11242,2026-03-04,00079,PROD_004,CMP-03,Mayorista / B2B,7,380.0,0.0,2660.0,2660.0,COMPLETED
ORD-11243,2026-03-04,00013,PROD_004,,Online / Directo,2,380.0,,760.0,722.0,COMPLETED
ORD-11244,2026-03-04,00037,PROD_005,,Retail / Tiendas,2,650.0,65.0,1300.0,1235.0,COMPLETED
ORD-11245,2026-03-04,00073,PROD_003,,Mayorista / B2B,21,750.0,787.5,15750.0,14962.5,COMPLETED
ORD-11246,2026-03-04,00015,PROD_001,,Mayorista / B2B,24,4500.0,0.0,108000.0,108000.0,COMPLETED
ORD-11247,2026-03-04,00045,PROD_003,,Mayorista / B2B,13,750.0,,9750.0,9262.5,COMPLETED
ORD-11248,2026-03-04,00078,PROD_003,,Retail / Tiendas,2,750.0,75.0,1500.0,1425.0,COMPLETED
ORD-11249,2026-03-04,00028,PROD_008,,Retail / Tiendas,3,1400.0,210.0,4200.0,3990.0,COMPLETED
ORD-11250,2026-03-04,00037,PROD_002,,Online / Directo,3,2100.0,0.0,6300.0,6300.0,COMPLETED
ORD-11251,2026-03-04,00020,PROD_001,,Retail / Tiendas,3,4500.0,0.0,13500.0,13500.0,COMPLETED
ORD-11252,2026-03-04,00001,PROD_005,,Retail / Tiendas,2,650.0,,1300.0,1300.0,COMPLETED
ORD-11253,2026-03-04,00051,PROD_003,CMP-03,Retail / Tiendas,3,750.0,0.0,2250.0,2250.0,COMPLETED
ORD-11254,2026-03-04,00038,PROD_006,CMP-03,Retail / Tiendas,3,55.0,0.0,165.0,165.0,COMPLETED
ORD-11255,2026-03-05,00020,PROD_002,,Online / Directo,1,2100.0,0.0,2100.0,2100.0,COMPLETED
ORD-11256,2026-03-05,00030,PROD_008,,Online / Directo,1,1400.0,,1400.0,1190.0,COMPLETED
ORD-11257,2026-03-05,00026,PROD_002,CMP-03,Mayorista / B2B,12,2100.0,2520.0,25200.0,22680.0,COMPLETED
ORD-11258,2026-03-05,00018,PROD_008,,Retail / Tiendas,2,1400.0,140.0,2800.0,2660.0,COMPLETED
ORD-11259,2026-03-05,00063,PROD_004,,Online / Directo,3,380.0,114.0,1140.0,1026.0,COMPLETED
ORD-11260,2026-03-05,00029,PROD_005,,Online / Directo,3,650.0,97.5,1950.0,1852.5,COMPLETED
ORD-11261,2026-03-05,00013,PROD_007,,Retail / Tiendas,2,120.0,0.0,240.0,240.0,COMPLETED
ORD-11262,2026-03-05,00077,PROD_006,CMP-03,Mayorista / B2B,9,55.0,,495.0,445.5,COMPLETED
ORD-11263,2026-03-05,00010,PROD_008,CMP-03,Mayorista / B2B,12,1400.0,840.0,16800.0,15960.0,COMPLETED
ORD-11264,2026-03-05,00068,PROD_002,,Online / Directo,2,2100.0,420.0,4200.0,3780.0,COMPLETED
ORD-11265,2026-03-05,00017,PROD_005,CMP-03,Mayorista / B2B,5,650.0,0.0,3250.0,3250.0,COMPLETED
ORD-11266,2026-03-05,00047,PROD_003,,Online / Directo,1,750.0,37.5,750.0,712.5,COMPLETED
ORD-11267,2026-03-05,00047,PROD_002,,Retail / Tiendas,1,2100.0,0.0,2100.0,2100.0,COMPLETED
ORD-11268,2026-03-05,00010,PROD_008,CMP-03,Online / Directo,3,1400.0,210.0,4200.0,3990.0,COMPLETED
ORD-11269,2026-03-05,00046,PROD_004,,Retail / Tiendas,2,380.0,76.0,760.0,684.0,COMPLETED
ORD-11270,2026-03-05,00018,PROD_008,,Retail / Tiendas,2,1400.0,0.0,2800.0,2800.0,CANCELLED
ORD-11271,2026-03-05,00062,PROD_001,,Mayorista / B2B,9,4500.0,0.0,40500.0,40500.0,COMPLETED
ORD-11272,2026-03-06,00068,PROD_005,CMP-03,Online / Directo,3,650.0,97.5,1950.0,1852.5,COMPLETED
ORD-11273,2026-03-06,00070,PROD_002,,Retail / Tiendas,2,2100.0,420.0,4200.0,3780.0,COMPLETED
ORD-11274,2026-03-06,00072,PROD_001,,Online / Directo,1,4500.0,,4500.0,4500.0,COMPLETED
ORD-11275,2026-03-06,00020,PROD_003,,Mayorista / B2B,9,750.0,,6750.0,6750.0,COMPLETED
ORD-11276,2026-03-06,00031,PROD_001,,Mayorista / B2B,21,4500.0,4725.0,94500.0,89775.0,COMPLETED
ORD-11277,2026-03-06,00001,PROD_001,,Mayorista / B2B,19,4500.0,0.0,85500.0,85500.0,COMPLETED
ORD-11278,2026-03-06,00012,PROD_006,,Mayorista / B2B,24,55.0,0.0,1320.0,1320.0,COMPLETED
ORD-11279,2026-03-06,00078,PROD_003,,Mayorista / B2B,21,750.0,0.0,15750.0,15750.0,COMPLETED
ORD-11280,2026-03-06,00069,PROD_002,,Retail / Tiendas,1,2100.0,210.0,2100.0,1890.0,COMPLETED
ORD-11281,2026-03-06,00035,PROD_003,CMP-03,Mayorista / B2B,10,750.0,750.0,7500.0,6750.0,COMPLETED
ORD-11282,2026-03-06,00056,PROD_004,,Retail / Tiendas,2,380.0,0.0,760.0,760.0,COMPLETED
ORD-11283,2026-03-06,00025,PROD_002,,Mayorista / B2B,7,2100.0,0.0,14700.0,14700.0,COMPLETED
ORD-11284,2026-03-06,00006,PROD_004,,Mayorista / B2B,15,380.0,,5700.0,5700.0,COMPLETED
ORD-11285,2026-03-06,00047,PROD_006,CMP-03,Online / Directo,1,55.0,0.0,55.0,55.0,COMPLETED
ORD-11286,2026-03-06,00060,PROD_004,,Retail / Tiendas,3,380.0,0.0,1140.0,1140.0,COMPLETED
ORD-11287,2026-03-06,00027,PROD_001,,Mayorista / B2B,12,4500.0,0.0,54000.0,54000.0,COMPLETED
ORD-11288,2026-03-06,00080,PROD_001,CMP-03,Retail / Tiendas,3,4500.0,0.0,13500.0,13500.0,COMPLETED
ORD-11289,2026-03-06,00069,PROD_007,CMP-03,Mayorista / B2B,20,120.0,0.0,2400.0,2400.0,COMPLETED
ORD-11290,2026-03-06,00036,PROD_006,,Retail / Tiendas,1,55.0,2.75,55.0,52.25,COMPLETED
ORD-11291,2026-03-06,00029,PROD_006,,Online / Directo,2,55.0,5.5,110.0,104.5,COMPLETED
ORD-11292,2026-03-06,00080,PROD_007,,Retail / Tiendas,2,120.0,36.0,240.0,204.0,COMPLETED
ORD-11293,2026-03-06,00036,PROD_001,,Mayorista / B2B,12,4500.0,0.0,54000.0,54000.0,COMPLETED
ORD-11294,2026-03-06,00007,PROD_003,CMP-03,Online / Directo,1,750.0,0.0,750.0,750.0,COMPLETED
ORD-11295,2026-03-06,00056,PROD_007,CMP-03,Mayorista / B2B,21,120.0,378.0,2520.0,2142.0,COMPLETED
ORD-11296,2026-03-07,00003,PROD_003,CMP-03,Online / Directo,2,750.0,225.0,1500.0,1275.0,COMPLETED
ORD-11297,2026-03-07,00047,PROD_008,CMP-03,Online / Directo,1,1400.0,0.0,1400.0,1400.0,COMPLETED
ORD-11298,2026-03-07,00070,PROD_002,,Retail / Tiendas,2,2100.0,0.0,4200.0,4200.0,COMPLETED
ORD-11299,2026-03-07,00048,PROD_003,,Retail / Tiendas,3,750.0,225.0,2250.0,2025.0,COMPLETED
ORD-11300,2026-03-07,00055,PROD_001,,Mayorista / B2B,13,4500.0,5850.0,58500.0,52650.0,COMPLETED
ORD-11301,2026-03-07,00025,PROD_006,,Retail / Tiendas,1,55.0,0.0,55.0,55.0,COMPLETED
ORD-11302,2026-03-07,00032,PROD_002,,Online / Directo,3,2100.0,0.0,6300.0,6300.0,COMPLETED
ORD-11303,2026-03-07,00043,PROD_003,CMP-03,Mayorista / B2B,18,750.0,2025.0,13500.0,11475.0,COMPLETED
ORD-11304,2026-03-07,00039,PROD_001,,Online / Directo,3,4500.0,675.0,13500.0,12825.0,COMPLETED
ORD-11305,2026-03-07,00071,PROD_005,CMP-03,Retail / Tiendas,1,650.0,32.5,650.0,617.5,COMPLETED
ORD-11306,2026-03-07,00027,PROD_006,CMP-03,Mayorista / B2B,21,55.0,0.0,1155.0,1155.0,COMPLETED
ORD-11307,2026-03-07,00063,PROD_001,CMP-03,Online / Directo,3,4500.0,0.0,13500.0,13500.0,COMPLETED
ORD-11308,2026-03-07,00076,PROD_001,,Mayorista / B2B,24,4500.0,10800.0,108000.0,97200.0,COMPLETED
ORD-11309,2026-03-07,00016,PROD_006,CMP-03,Retail / Tiendas,2,55.0,11.0,110.0,99.0,COMPLETED
ORD-11310,2026-03-07,00013,PROD_006,,Mayorista / B2B,20,55.0,0.0,1100.0,1100.0,COMPLETED
ORD-11311,2026-03-07,00075,PROD_006,,Retail / Tiendas,1,55.0,0.0,55.0,55.0,COMPLETED
ORD-11312,2026-03-08,00006,PROD_002,,Retail / Tiendas,3,2100.0,,6300.0,6300.0,COMPLETED
ORD-11313,2026-03-08,00026,PROD_002,,Online / Directo,1,2100.0,0.0,2100.0,2100.0,COMPLETED
ORD-11314,2026-03-08,00060,PROD_005,,Mayorista / B2B,14,650.0,0.0,9100.0,9100.0,COMPLETED
ORD-11315,2026-03-08,00021,PROD_004,CMP-03,Retail / Tiendas,1,380.0,0.0,380.0,380.0,COMPLETED
ORD-11316,2026-03-08,00069,PROD_005,,Retail / Tiendas,1,650.0,0.0,650.0,650.0,COMPLETED
ORD-11317,2026-03-08,00080,PROD_005,CMP-03,Mayorista / B2B,20,650.0,0.0,13000.0,13000.0,COMPLETED
ORD-11318,2026-03-08,00010,PROD_001,CMP-03,Retail / Tiendas,1,4500.0,,4500.0,4050.0,COMPLETED
ORD-11319,2026-03-08,00053,PROD_008,CMP-03,Mayorista / B2B,8,1400.0,560.0,11200.0,10640.0,COMPLETED
ORD-11320,2026-03-08,00069,PROD_001,,Retail / Tiendas,3,4500.0,0.0,13500.0,13500.0,COMPLETED
ORD-11321,2026-03-08,00054,PROD_008,,Mayorista / B2B,18,1400.0,3780.0,25200.0,21420.0,COMPLETED
ORD-11322,2026-03-08,00067,PROD_005,CMP-03,Retail / Tiendas,3,650.0,292.5,1950.0,1657.5,COMPLETED
ORD-11323,2026-03-08,00010,PROD_005,CMP-03,Mayorista / B2B,20,650.0,0.0,13000.0,13000.0,COMPLETED
ORD-11324,2026-03-08,00064,PROD_003,,Online / Directo,2,750.0,0.0,1500.0,1500.0,COMPLETED
ORD-11325,2026-03-08,00057,PROD_002,CMP-03,Online / Directo,3,2100.0,945.0,6300.0,5355.0,COMPLETED
ORD-11326,2026-03-08,00075,PROD_001,,Mayorista / B2B,18,4500.0,8100.0,81000.0,72900.0,COMPLETED
ORD-11327,2026-03-08,00044,PROD_006,,Mayorista / B2B,22,55.0,0.0,1210.0,1210.0,COMPLETED
ORD-11328,2026-03-08,00019,PROD_007,,Online / Directo,1,120.0,18.0,120.0,102.0,COMPLETED
ORD-11329,2026-03-08,00042,PROD_004,,Online / Directo,2,380.0,38.0,760.0,722.0,COMPLETED
ORD-11330,2026-03-08,00012,PROD_005,,Retail / Tiendas,2,650.0,0.0,1300.0,1300.0,COMPLETED
ORD-11331,2026-03-08,00059,PROD_007,CMP-03,Retail / Tiendas,2,120.0,24.0,240.0,216.0,COMPLETED
ORD-11332,2026-03-09,00018,PROD_007,,Mayorista / B2B,21,120.0,0.0,2520.0,2520.0,COMPLETED
ORD-11333,2026-03-09,00043,PROD_005,CMP-03,Mayorista / B2B,17,650.0,1657.5,11050.0,9392.5,COMPLETED
ORD-11334,2026-03-09,00040,PROD_005,,Mayorista / B2B,14,650.0,0.0,9100.0,9100.0,COMPLETED
ORD-11335,2026-03-09,00030,PROD_002,CMP-03,Mayorista / B2B,14,2100.0,0.0,29400.0,29400.0,COMPLETED
ORD-11336,2026-03-09,00034,PROD_007,,Mayorista / B2B,13,120.0,156.0,1560.0,1404.0,COMPLETED
ORD-11337,2026-03-09,00045,PROD_008,,Retail / Tiendas,1,1400.0,210.0,1400.0,1190.0,COMPLETED
ORD-11338,2026-03-09,00038,PROD_002,CMP-03,Retail / Tiendas,1,2100.0,315.0,2100.0,1785.0,COMPLETED
ORD-11339,2026-03-09,00003,PROD_008,CMP-03,Online / Directo,3,1400.0,420.0,4200.0,3780.0,COMPLETED
ORD-11340,2026-03-09,00064,PROD_005,CMP-03,Online / Directo,2,650.0,0.0,1300.0,1300.0,COMPLETED
ORD-11341,2026-03-09,00077,PROD_002,CMP-03,Online / Directo,3,2100.0,630.0,6300.0,5670.0,COMPLETED
ORD-11342,2026-03-09,00023,PROD_006,,Mayorista / B2B,6,55.0,16.5,330.0,313.5,COMPLETED
ORD-11343,2026-03-09,00023,PROD_001,,Mayorista / B2B,12,4500.0,8100.0,54000.0,45900.0,COMPLETED
ORD-11344,2026-03-09,00053,PROD_004,,Mayorista / B2B,11,380.0,209.0,4180.0,3971.0,COMPLETED
ORD-11345,2026-03-09,00078,PROD_002,CMP-03,Mayorista / B2B,17,2100.0,0.0,35700.0,35700.0,COMPLETED
ORD-11346,2026-03-09,00077,PROD_003,CMP-03,Retail / Tiendas,2,750.0,0.0,1500.0,1500.0,COMPLETED
ORD-11347,2026-03-09,00020,PROD_002,CMP-03,Retail / Tiendas,3,2100.0,315.0,6300.0,5985.0,COMPLETED
ORD-11348,2026-03-09,00078,PROD_007,CMP-03,Retail / Tiendas,3,120.0,0.0,360.0,360.0,COMPLETED
ORD-11349,2026-03-09,00078,PROD_005,CMP-03,Mayorista / B2B,7,650.0,682.5,4550.0,3867.5,COMPLETED
ORD-11350,2026-03-09,00007,PROD_005,CMP-03,Mayorista / B2B,24,650.0,780.0,15600.0,14820.0,COMPLETED
ORD-11351,2026-03-09,00010,PROD_008,CMP-03,Mayorista / B2B,18,1400.0,0.0,25200.0,25200.0,COMPLETED
ORD-11352,2026-03-10,00051,PROD_004,,Retail / Tiendas,3,380.0,0.0,1140.0,1140.0,COMPLETED
ORD-11353,2026-03-10,00005,PROD_008,,Retail / Tiendas,2,1400.0,0.0,2800.0,2800.0,COMPLETED
ORD-11354,2026-03-10,00012,PROD_003,,Mayorista / B2B,7,750.0,525.0,5250.0,4725.0,COMPLETED
ORD-11355,2026-03-10,00043,PROD_005,CMP-03,Retail / Tiendas,1,650.0,,650.0,650.0,COMPLETED
ORD-11356,2026-03-10,00080,PROD_007,,Online / Directo,2,120.0,0.0,240.0,240.0,COMPLETED
ORD-11357,2026-03-10,00004,PROD_002,,Online / Directo,3,2100.0,630.0,6300.0,5670.0,COMPLETED
ORD-11358,2026-03-10,00017,PROD_008,CMP-03,Mayorista / B2B,13,1400.0,910.0,18200.0,17290.0,COMPLETED
ORD-11359,2026-03-10,00066,PROD_003,,Online / Directo,3,750.0,225.0,2250.0,2025.0,COMPLETED
ORD-11360,2026-03-10,00034,PROD_001,,Retail / Tiendas,1,4500.0,0.0,4500.0,4500.0,COMPLETED
ORD-11361,2026-03-10,00037,PROD_004,,Online / Directo,1,380.0,19.0,380.0,361.0,COMPLETED
ORD-11362,2026-03-10,00027,PROD_008,,Mayorista / B2B,5,1400.0,,7000.0,7000.0,COMPLETED
ORD-11363,2026-03-10,00030,PROD_004,CMP-03,Mayorista / B2B,10,380.0,380.0,3800.0,3420.0,COMPLETED
ORD-11364,2026-03-10,00073,PROD_006,,Mayorista / B2B,8,55.0,0.0,440.0,440.0,COMPLETED
ORD-11365,2026-03-10,00013,PROD_004,,Mayorista / B2B,22,380.0,418.0,8360.0,7942.0,COMPLETED
ORD-11366,2026-03-10,00037,PROD_007,CMP-03,Retail / Tiendas,3,120.0,18.0,360.0,342.0,COMPLETED
ORD-11367,2026-03-10,00074,PROD_005,,Retail / Tiendas,2,650.0,0.0,1300.0,1300.0,REFUNDED
ORD-11368,2026-03-11,00016,PROD_001,CMP-03,Retail / Tiendas,2,4500.0,0.0,9000.0,9000.0,COMPLETED
ORD-11369,2026-03-11,00013,PROD_001,,Mayorista / B2B,20,4500.0,0.0,90000.0,90000.0,COMPLETED
ORD-11370,2026-03-11,00052,PROD_002,,Online / Directo,1,2100.0,105.0,2100.0,1995.0,COMPLETED
ORD-11371,2026-03-11,00057,PROD_002,,Retail / Tiendas,3,2100.0,945.0,6300.0,5355.0,COMPLETED
ORD-11372,2026-03-11,00021,PROD_006,CMP-03,Online / Directo,2,55.0,5.5,110.0,104.5,COMPLETED
ORD-11373,2026-03-11,00006,PROD_004,,Retail / Tiendas,2,380.0,38.0,760.0,722.0,COMPLETED
ORD-11374,2026-03-11,00040,PROD_003,CMP-03,Online / Directo,2,750.0,75.0,1500.0,1425.0,COMPLETED
ORD-11375,2026-03-11,00025,PROD_004,,Mayorista / B2B,15,380.0,285.0,5700.0,5415.0,COMPLETED
ORD-11376,2026-03-11,00069,PROD_008,CMP-03,Mayorista / B2B,12,1400.0,840.0,16800.0,15960.0,COMPLETED
ORD-11377,2026-03-11,00048,PROD_005,,Retail / Tiendas,2,650.0,195.0,1300.0,1105.0,COMPLETED
ORD-11378,2026-03-11,00009,PROD_002,CMP-03,Online / Directo,1,2100.0,0.0,2100.0,2100.0,COMPLETED
ORD-11379,2026-03-11,00057,PROD_008,,Retail / Tiendas,2,1400.0,420.0,2800.0,2380.0,COMPLETED
ORD-11380,2026-03-11,00023,PROD_001,,Mayorista / B2B,20,4500.0,0.0,90000.0,90000.0,COMPLETED
ORD-11381,2026-03-11,00017,PROD_004,,Mayorista / B2B,19,380.0,0.0,7220.0,7220.0,COMPLETED
ORD-11382,2026-03-11,00058,PROD_003,,Retail / Tiendas,3,750.0,112.5,2250.0,2137.5,COMPLETED
ORD-11383,2026-03-11,00033,PROD_001,CMP-03,Mayorista / B2B,11,4500.0,0.0,49500.0,49500.0,COMPLETED
ORD-11384,2026-03-11,00045,PROD_008,CMP-03,Retail / Tiendas,3,1400.0,420.0,4200.0,3780.0,COMPLETED
ORD-11385,2026-03-11,00013,PROD_008,,Online / Directo,3,1400.0,0.0,4200.0,4200.0,COMPLETED
ORD-11386,2026-03-11,00026,PROD_003,,Retail / Tiendas,3,750.0,0.0,2250.0,2250.0,COMPLETED
ORD-11387,2026-03-11,00023,PROD_005,,Retail / Tiendas,1,650.0,0.0,650.0,650.0,COMPLETED
ORD-11388,2026-03-11,00038,PROD_004,,Retail / Tiendas,1,380.0,19.0,380.0,361.0,COMPLETED
ORD-11389,2026-03-11,00043,PROD_003,,Mayorista / B2B,6,750.0,675.0,4500.0,3825.0,COMPLETED
ORD-11390,2026-03-11,00031,PROD_007,CMP-03,Mayorista / B2B,23,120.0,0.0,2760.0,2760.0,COMPLETED
ORD-11391,2026-03-11,00048,PROD_003,,Online / Directo,3,750.0,0.0,2250.0,2250.0,COMPLETED
ORD-11392,2026-03-12,00029,PROD_006,,Retail / Tiendas,1,55.0,5.5,55.0,49.5,COMPLETED
ORD-11393,2026-03-12,00055,PROD_008,,Mayorista / B2B,8,1400.0,0.0,11200.0,11200.0,COMPLETED
ORD-11394,2026-03-12,00044,PROD_004,,Mayorista / B2B,20,380.0,760.0,7600.0,6840.0,COMPLETED
ORD-11395,2026-03-12,00031,PROD_003,,Mayorista / B2B,10,750.0,0.0,7500.0,7500.0,CANCELLED
ORD-11396,2026-03-12,00060,PROD_008,,Online / Directo,3,1400.0,210.0,4200.0,3990.0,COMPLETED
ORD-11397,2026-03-12,00022,PROD_008,,Retail / Tiendas,1,1400.0,70.0,1400.0,1330.0,CANCELLED
ORD-11398,2026-03-12,00069,PROD_001,,Online / Directo,2,4500.0,,9000.0,8100.0,COMPLETED
ORD-11399,2026-03-12,00072,PROD_003,,Mayorista / B2B,18,750.0,0.0,13500.0,13500.0,COMPLETED
ORD-11400,2026-03-12,00051,PROD_005,,Online / Directo,3,650.0,0.0,1950.0,1950.0,COMPLETED
ORD-11401,2026-03-12,00034,PROD_003,CMP-03,Retail / Tiendas,1,750.0,37.5,750.0,712.5,COMPLETED
ORD-11402,2026-03-12,00045,PROD_005,,Retail / Tiendas,2,650.0,130.0,1300.0,1170.0,COMPLETED
ORD-11403,2026-03-12,00054,PROD_006,,Online / Directo,2,55.0,0.0,110.0,110.0,COMPLETED
ORD-11404,2026-03-12,00047,PROD_001,,Retail / Tiendas,2,4500.0,450.0,9000.0,8550.0,COMPLETED
ORD-11405,2026-03-12,00078,PROD_006,CMP-03,Mayorista / B2B,18,55.0,49.5,990.0,940.5,COMPLETED
ORD-11406,2026-03-12,00032,PROD_004,CMP-03,Mayorista / B2B,16,380.0,608.0,6080.0,5472.0,COMPLETED
ORD-11407,2026-03-13,00023,PROD_002,,Mayorista / B2B,12,2100.0,3780.0,25200.0,21420.0,COMPLETED
ORD-11408,2026-03-13,00035,PROD_003,CMP-03,Mayorista / B2B,6,750.0,0.0,4500.0,4500.0,COMPLETED
ORD-11409,2026-03-13,00078,PROD_002,,Retail / Tiendas,3,2100.0,315.0,6300.0,5985.0,COMPLETED
ORD-11410,2026-03-13,00002,PROD_001,CMP-03,Mayorista / B2B,20,4500.0,9000.0,90000.0,81000.0,COMPLETED
ORD-11411,2026-03-13,00078,PROD_008,CMP-03,Retail / Tiendas,2,1400.0,140.0,2800.0,2660.0,COMPLETED
ORD-11412,2026-03-13,00041,PROD_004,,Mayorista / B2B,16,380.0,0.0,6080.0,6080.0,COMPLETED
ORD-11413,2026-03-13,00077,PROD_006,CMP-03,Retail / Tiendas,3,55.0,16.5,165.0,148.5,COMPLETED
ORD-11414,2026-03-13,00025,PROD_004,CMP-03,Online / Directo,1,380.0,38.0,380.0,342.0,COMPLETED
ORD-11415,2026-03-13,00016,PROD_004,,Retail / Tiendas,2,380.0,0.0,760.0,760.0,COMPLETED
ORD-11416,2026-03-13,00012,PROD_003,,Retail / Tiendas,2,750.0,225.0,1500.0,1275.0,COMPLETED
ORD-11417,2026-03-13,00025,PROD_002,,Retail / Tiendas,3,2100.0,0.0,6300.0,6300.0,COMPLETED
ORD-11418,2026-03-13,00071,PROD_002,,Retail / Tiendas,3,2100.0,315.0,6300.0,5985.0,COMPLETED
ORD-11419,2026-03-13,00007,PROD_006,CMP-03,Mayorista / B2B,12,55.0,,660.0,660.0,COMPLETED
ORD-11420,2026-03-13,00013,PROD_002,CMP-03,Mayorista / B2B,20,2100.0,2100.0,42000.0,39900.0,COMPLETED
ORD-11421,2026-03-13,00027,PROD_003,CMP-03,Retail / Tiendas,3,750.0,0.0,2250.0,2250.0,COMPLETED
ORD-11422,2026-03-14,00041,PROD_008,,Mayorista / B2B,15,1400.0,1050.0,21000.0,19950.0,COMPLETED
ORD-11423,2026-03-14,00047,PROD_008,,Online / Directo,3,1400.0,210.0,4200.0,3990.0,COMPLETED
ORD-11424,2026-03-14,00033,PROD_005,CMP-03,Mayorista / B2B,22,650.0,0.0,14300.0,14300.0,COMPLETED
ORD-11425,2026-03-14,00029,PROD_002,,Online / Directo,1,2100.0,105.0,2100.0,1995.0,COMPLETED
ORD-11426,2026-03-14,00072,PROD_003,,Mayorista / B2B,19,750.0,0.0,14250.0,14250.0,COMPLETED
ORD-11427,2026-03-14,00065,PROD_001,,Mayorista / B2B,11,4500.0,2475.0,49500.0,47025.0,COMPLETED
ORD-11428,2026-03-14,00031,PROD_001,,Mayorista / B2B,24,4500.0,10800.0,108000.0,97200.0,COMPLETED
ORD-11429,2026-03-14,00024,PROD_005,CMP-03,Mayorista / B2B,16,650.0,0.0,10400.0,10400.0,COMPLETED
ORD-11430,2026-03-14,00075,PROD_007,,Retail / Tiendas,3,120.0,0.0,360.0,360.0,COMPLETED
ORD-11431,2026-03-14,00020,PROD_003,CMP-03,Online / Directo,3,750.0,337.5,2250.0,1912.5,COMPLETED
ORD-11432,2026-03-14,00069,PROD_002,,Retail / Tiendas,1,2100.0,,2100.0,2100.0,COMPLETED
ORD-11433,2026-03-14,00058,PROD_007,CMP-03,Retail / Tiendas,3,120.0,54.0,360.0,306.0,COMPLETED
ORD-11434,2026-03-14,00023,PROD_004,CMP-03,Mayorista / B2B,18,380.0,0.0,6840.0,6840.0,COMPLETED
ORD-11435,2026-03-14,00066,PROD_005,CMP-03,Retail / Tiendas,3,650.0,195.0,1950.0,1755.0,COMPLETED
ORD-11436,2026-03-14,00011,PROD_008,CMP-03,Retail / Tiendas,3,1400.0,0.0,4200.0,4200.0,REFUNDED
ORD-11437,2026-03-14,00044,PROD_007,CMP-03,Online / Directo,3,120.0,18.0,360.0,342.0,COMPLETED
ORD-11438,2026-03-14,00053,PROD_008,CMP-03,Mayorista / B2B,12,1400.0,840.0,16800.0,15960.0,COMPLETED
ORD-11439,2026-03-14,00054,PROD_005,,Mayorista / B2B,21,650.0,0.0,13650.0,13650.0,COMPLETED
ORD-11440,2026-03-14,00065,PROD_008,,Mayorista / B2B,19,1400.0,1330.0,26600.0,25270.0,COMPLETED
ORD-11441,2026-03-14,00025,PROD_002,,Mayorista / B2B,18,2100.0,0.0,37800.0,37800.0,COMPLETED
ORD-11442,2026-03-14,00057,PROD_002,,Retail / Tiendas,1,2100.0,0.0,2100.0,2100.0,COMPLETED
ORD-11443,2026-03-14,00068,PROD_001,,Retail / Tiendas,3,4500.0,0.0,13500.0,13500.0,COMPLETED
ORD-11444,2026-03-14,00026,PROD_008,,Retail / Tiendas,2,1400.0,0.0,2800.0,2800.0,COMPLETED
ORD-11445,2026-03-14,00033,PROD_001,CMP-03,Retail / Tiendas,2,4500.0,0.0,9000.0,9000.0,COMPLETED
ORD-11446,2026-03-15,00006,PROD_001,,Mayorista / B2B,19,4500.0,0.0,85500.0,85500.0,COMPLETED
ORD-11447,2026-03-15,00012,PROD_002,,Mayorista / B2B,21,2100.0,4410.0,44100.0,39690.0,COMPLETED
ORD-11448,2026-03-15,00060,PROD_004,,Mayorista / B2B,9,380.0,0.0,3420.0,3420.0,COMPLETED
ORD-11449,2026-03-15,00051,PROD_001,,Online / Directo,1,4500.0,225.0,4500.0,4275.0,COMPLETED
ORD-11450,2026-03-15,00059,PROD_001,,Mayorista / B2B,6,4500.0,,27000.0,27000.0,COMPLETED
ORD-11451,2026-03-15,00041,PROD_007,CMP-03,Mayorista / B2B,11,120.0,132.0,1320.0,1188.0,COMPLETED
ORD-11452,2026-03-15,00002,PROD_004,,Online / Directo,2,380.0,0.0,760.0,760.0,COMPLETED
ORD-11453,2026-03-15,00074,PROD_006,CMP-03,Retail / Tiendas,1,55.0,5.5,55.0,49.5,COMPLETED
ORD-11454,2026-03-15,00005,PROD_004,,Mayorista / B2B,8,380.0,304.0,3040.0,2736.0,REFUNDED
ORD-11455,2026-03-15,00024,PROD_003,,Retail / Tiendas,3,750.0,0.0,2250.0,2250.0,COMPLETED
ORD-11456,2026-03-15,00006,PROD_002,,Retail / Tiendas,2,2100.0,210.0,4200.0,3990.0,COMPLETED
ORD-11457,2026-03-15,00018,PROD_004,CMP-03,Online / Directo,3,380.0,0.0,1140.0,1140.0,COMPLETED
ORD-11458,2026-03-15,00054,PROD_005,,Mayorista / B2B,10,650.0,0.0,6500.0,6500.0,COMPLETED
ORD-11459,2026-03-15,00039,PROD_008,CMP-03,Online / Directo,2,1400.0,140.0,2800.0,2660.0,CANCELLED
ORD-11460,2026-03-15,00078,PROD_002,CMP-03,Mayorista / B2B,19,2100.0,3990.0,39900.0,35910.0,COMPLETED
ORD-11461,2026-03-15,00028,PROD_003,,Online / Directo,3,750.0,337.5,2250.0,1912.5,COMPLETED
ORD-11462,2026-03-15,00069,PROD_006,,Mayorista / B2B,21,55.0,115.5,1155.0,1039.5,COMPLETED
ORD-11463,2026-03-15,00042,PROD_003,,Mayorista / B2B,24,750.0,1800.0,18000.0,16200.0,COMPLETED
ORD-11464,2026-03-15,00045,PROD_006,CMP-03,Retail / Tiendas,3,55.0,0.0,165.0,165.0,COMPLETED
ORD-11465,2026-03-16,00073,PROD_008,CMP-03,Mayorista / B2B,13,1400.0,1820.0,18200.0,16380.0,COMPLETED
ORD-11466,2026-03-16,00049,PROD_007,,Online / Directo,1,120.0,0.0,120.0,120.0,COMPLETED
ORD-11467,2026-03-16,00028,PROD_005,,Retail / Tiendas,2,650.0,195.0,1300.0,1105.0,COMPLETED
ORD-11468,2026-03-16,00030,PROD_002,,Mayorista / B2B,7,2100.0,,14700.0,13965.0,COMPLETED
ORD-11469,2026-03-16,00038,PROD_008,,Retail / Tiendas,3,1400.0,0.0,4200.0,4200.0,COMPLETED
ORD-11470,2026-03-16,00018,PROD_001,CMP-03,Mayorista / B2B,9,4500.0,4050.0,40500.0,36450.0,COMPLETED
ORD-11471,2026-03-16,00058,PROD_003,,Mayorista / B2B,13,750.0,0.0,9750.0,9750.0,COMPLETED
ORD-11472,2026-03-16,00039,PROD_004,CMP-03,Retail / Tiendas,3,380.0,0.0,1140.0,1140.0,COMPLETED
ORD-11473,2026-03-16,00058,PROD_007,,Mayorista / B2B,10,120.0,60.0,1200.0,1140.0,REFUNDED
ORD-11474,2026-03-16,00022,PROD_008,CMP-03,Mayorista / B2B,6,1400.0,0.0,8400.0,8400.0,COMPLETED
ORD-11475,2026-03-16,00043,PROD_008,CMP-03,Mayorista / B2B,18,1400.0,2520.0,25200.0,22680.0,COMPLETED
ORD-11476,2026-03-16,00002,PROD_001,CMP-03,Online / Directo,1,4500.0,0.0,4500.0,4500.0,COMPLETED
ORD-11477,2026-03-16,00006,PROD_004,,Online / Directo,3,380.0,,1140.0,1083.0,COMPLETED
ORD-11478,2026-03-16,00030,PROD_004,CMP-03,Mayorista / B2B,8,380.0,0.0,3040.0,3040.0,COMPLETED
ORD-11479,2026-03-16,00077,PROD_002,,Retail / Tiendas,3,2100.0,,6300.0,5355.0,COMPLETED
ORD-11480,2026-03-16,00055,PROD_005,CMP-03,Mayorista / B2B,19,650.0,1235.0,12350.0,11115.0,COMPLETED
ORD-11481,2026-03-16,00028,PROD_004,CMP-03,Retail / Tiendas,2,380.0,0.0,760.0,760.0,COMPLETED
ORD-11482,2026-03-16,00015,PROD_007,CMP-03,Online / Directo,2,120.0,0.0,240.0,240.0,COMPLETED
ORD-11483,2026-03-16,00047,PROD_008,CMP-03,Retail / Tiendas,3,1400.0,0.0,4200.0,4200.0,COMPLETED
ORD-11484,2026-03-16,00027,PROD_007,,Mayorista / B2B,13,120.0,156.0,1560.0,1404.0,COMPLETED
ORD-11485,2026-03-16,00028,PROD_006,,Mayorista / B2B,22,55.0,60.5,1210.0,1149.5,COMPLETED
ORD-11486,2026-03-17,00074,PROD_007,CMP-03,Mayorista / B2B,11,120.0,0.0,1320.0,1320.0,COMPLETED
ORD-11487,2026-03-17,00010,PROD_001,CMP-03,Mayorista / B2B,18,4500.0,,81000.0,81000.0,COMPLETED
ORD-11488,2026-03-17,00009,PROD_006,CMP-03,Mayorista / B2B,11,55.0,90.75,605.0,514.25,COMPLETED
ORD-11489,2026-03-17,00007,PROD_004,,Mayorista / B2B,23,380.0,437.0,8740.0,8303.0,COMPLETED
ORD-11490,2026-03-17,00013,PROD_007,CMP-03,Mayorista / B2B,12,120.0,72.0,1440.0,1368.0,COMPLETED
ORD-11491,2026-03-17,00018,PROD_008,,Mayorista / B2B,14,1400.0,0.0,19600.0,19600.0,COMPLETED
ORD-11492,2026-03-17,00055,PROD_004,,Mayorista / B2B,18,380.0,0.0,6840.0,6840.0,COMPLETED
ORD-11493,2026-03-17,00048,PROD_006,,Online / Directo,1,55.0,5.5,55.0,49.5,COMPLETED
ORD-11494,2026-03-17,00050,PROD_001,,Retail / Tiendas,2,4500.0,0.0,9000.0,9000.0,COMPLETED
ORD-11495,2026-03-17,00078,PROD_002,CMP-03,Mayorista / B2B,5,2100.0,0.0,10500.0,10500.0,REFUNDED
ORD-11496,2026-03-17,00027,PROD_008,CMP-03,Mayorista / B2B,5,1400.0,0.0,7000.0,7000.0,COMPLETED
ORD-11497,2026-03-17,00043,PROD_002,,Retail / Tiendas,1,2100.0,210.0,2100.0,1890.0,COMPLETED
ORD-11498,2026-03-17,00013,PROD_006,,Retail / Tiendas,3,55.0,16.5,165.0,148.5,COMPLETED
ORD-11499,2026-03-17,00044,PROD_004,CMP-03,Retail / Tiendas,3,380.0,0.0,1140.0,1140.0,COMPLETED
ORD-11500,2026-03-17,00029,PROD_008,CMP-03,Mayorista / B2B,5,1400.0,700.0,7000.0,6300.0,COMPLETED
ORD-11501,2026-03-17,00046,PROD_008,,Mayorista / B2B,13,1400.0,910.0,18200.0,17290.0,COMPLETED
ORD-11502,2026-03-18,00070,PROD_002,,Mayorista / B2B,6,2100.0,630.0,12600.0,11970.0,COMPLETED
ORD-11503,2026-03-18,00048,PROD_006,,Mayorista / B2B,19,55.0,0.0,1045.0,1045.0,COMPLETED
ORD-11504,2026-03-18,00064,PROD_005,,Online / Directo,3,650.0,0.0,1950.0,1950.0,COMPLETED
ORD-11505,2026-03-18,00059,PROD_005,CMP-03,Mayorista / B2B,14,650.0,0.0,9100.0,9100.0,COMPLETED
ORD-11506,2026-03-18,00065,PROD_002,,Mayorista / B2B,11,2100.0,0.0,23100.0,23100.0,COMPLETED
ORD-11507,2026-03-18,00011,PROD_002,CMP-03,Retail / Tiendas,3,2100.0,945.0,6300.0,5355.0,COMPLETED
ORD-11508,2026-03-18,00066,PROD_004,CMP-03,Retail / Tiendas,1,380.0,0.0,380.0,380.0,COMPLETED
ORD-11509,2026-03-18,00072,PROD_008,,Online / Directo,2,1400.0,0.0,2800.0,2800.0,COMPLETED
ORD-11510,2026-03-18,00025,PROD_004,,Retail / Tiendas,1,380.0,57.0,380.0,323.0,COMPLETED
ORD-11511,2026-03-18,00003,PROD_005,,Mayorista / B2B,22,650.0,715.0,14300.0,13585.0,CANCELLED
ORD-11512,2026-03-18,00052,PROD_008,,Retail / Tiendas,2,1400.0,0.0,2800.0,2800.0,COMPLETED
ORD-11513,2026-03-18,00080,PROD_007,CMP-03,Mayorista / B2B,11,120.0,132.0,1320.0,1188.0,COMPLETED
ORD-11514,2026-03-18,00005,PROD_003,CMP-03,Mayorista / B2B,12,750.0,0.0,9000.0,9000.0,COMPLETED
ORD-11515,2026-03-18,00019,PROD_008,CMP-03,Retail / Tiendas,2,1400.0,420.0,2800.0,2380.0,COMPLETED
ORD-11516,2026-03-18,00018,PROD_005,,Mayorista / B2B,18,650.0,1170.0,11700.0,10530.0,COMPLETED
ORD-11517,2026-03-19,00010,PROD_005,CMP-03,Mayorista / B2B,7,650.0,0.0,4550.0,4550.0,COMPLETED
ORD-11518,2026-03-19,00052,PROD_006,,Mayorista / B2B,20,55.0,0.0,1100.0,1100.0,COMPLETED
ORD-11519,2026-03-19,00013,PROD_006,CMP-03,Mayorista / B2B,17,55.0,0.0,935.0,935.0,COMPLETED
ORD-11520,2026-03-19,00074,PROD_008,,Mayorista / B2B,22,1400.0,0.0,30800.0,30800.0,COMPLETED
ORD-11521,2026-03-19,00004,PROD_006,,Retail / Tiendas,1,55.0,0.0,55.0,55.0,COMPLETED
ORD-11522,2026-03-19,00013,PROD_006,,Mayorista / B2B,12,55.0,0.0,660.0,660.0,COMPLETED
ORD-11523,2026-03-19,00050,PROD_004,,Mayorista / B2B,18,380.0,,6840.0,6840.0,CANCELLED
ORD-11524,2026-03-19,00020,PROD_001,,Retail / Tiendas,2,4500.0,900.0,9000.0,8100.0,COMPLETED
ORD-11525,2026-03-19,00055,PROD_003,CMP-03,Online / Directo,3,750.0,0.0,2250.0,2250.0,CANCELLED
ORD-11526,2026-03-19,00036,PROD_008,CMP-03,Online / Directo,1,1400.0,70.0,1400.0,1330.0,COMPLETED
ORD-11527,2026-03-19,00067,PROD_003,,Mayorista / B2B,22,750.0,0.0,16500.0,16500.0,COMPLETED
ORD-11528,2026-03-19,00025,PROD_004,CMP-03,Mayorista / B2B,15,380.0,855.0,5700.0,4845.0,COMPLETED
ORD-11529,2026-03-19,00066,PROD_002,CMP-03,Online / Directo,1,2100.0,105.0,2100.0,1995.0,COMPLETED
ORD-11530,2026-03-19,00058,PROD_002,CMP-03,Mayorista / B2B,10,2100.0,1050.0,21000.0,19950.0,COMPLETED
ORD-11531,2026-03-19,00036,PROD_008,,Mayorista / B2B,18,1400.0,2520.0,25200.0,22680.0,COMPLETED
ORD-11532,2026-03-19,00021,PROD_008,,Retail / Tiendas,1,1400.0,0.0,1400.0,1400.0,COMPLETED
ORD-11533,2026-03-19,00025,PROD_005,,Retail / Tiendas,2,650.0,65.0,1300.0,1235.0,COMPLETED
ORD-11534,2026-03-19,00072,PROD_007,,Online / Directo,3,120.0,18.0,360.0,342.0,COMPLETED
ORD-11535,2026-03-19,00019,PROD_007,,Mayorista / B2B,15,120.0,270.0,1800.0,1530.0,COMPLETED
ORD-11536,2026-03-19,00020,PROD_002,,Mayorista / B2B,22,2100.0,0.0,46200.0,46200.0,COMPLETED
ORD-11537,2026-03-19,00010,PROD_005,,Mayorista / B2B,19,650.0,1235.0,12350.0,11115.0,COMPLETED
ORD-11538,2026-03-20,00002,PROD_004,,Retail / Tiendas,1,380.0,0.0,380.0,380.0,COMPLETED
ORD-11539,2026-03-20,00026,PROD_004,,Mayorista / B2B,16,380.0,608.0,6080.0,5472.0,CANCELLED
ORD-11540,2026-03-20,00038,PROD_003,,Online / Directo,2,750.0,75.0,1500.0,1425.0,COMPLETED
ORD-11541,2026-03-20,00037,PROD_001,CMP-03,Retail / Tiendas,2,4500.0,0.0,9000.0,9000.0,COMPLETED
ORD-11542,2026-03-20,00074,PROD_006,,Retail / Tiendas,1,55.0,8.25,55.0,46.75,COMPLETED
ORD-11543,2026-03-20,00022,PROD_007,CMP-03,Mayorista / B2B,9,120.0,54.0,1080.0,1026.0,COMPLETED
ORD-11544,2026-03-20,00032,PROD_005,,Mayorista / B2B,8,650.0,780.0,5200.0,4420.0,CANCELLED
ORD-11545,2026-03-20,00009,PROD_007,CMP-03,Mayorista / B2B,17,120.0,204.0,2040.0,1836.0,REFUNDED
ORD-11546,2026-03-20,00036,PROD_005,,Retail / Tiendas,3,650.0,97.5,1950.0,1852.5,COMPLETED
ORD-11547,2026-03-20,00014,PROD_006,,Retail / Tiendas,3,55.0,0.0,165.0,165.0,COMPLETED
ORD-11548,2026-03-20,00063,PROD_004,CMP-03,Retail / Tiendas,2,380.0,0.0,760.0,760.0,COMPLETED
ORD-11549,2026-03-20,00029,PROD_003,,Mayorista / B2B,15,750.0,562.5,11250.0,10687.5,COMPLETED
ORD-11550,2026-03-20,00067,PROD_005,,Mayorista / B2B,16,650.0,520.0,10400.0,9880.0,COMPLETED
ORD-11551,2026-03-20,00021,PROD_007,,Retail / Tiendas,3,120.0,18.0,360.0,342.0,COMPLETED
ORD-11552,2026-03-20,00076,PROD_002,CMP-03,Retail / Tiendas,2,2100.0,420.0,4200.0,3780.0,COMPLETED
ORD-11553,2026-03-20,00006,PROD_007,,Retail / Tiendas,1,120.0,0.0,120.0,120.0,COMPLETED
ORD-11554,2026-03-20,00023,PROD_004,,Retail / Tiendas,1,380.0,0.0,380.0,380.0,COMPLETED
ORD-11555,2026-03-21,00022,PROD_007,,Mayorista / B2B,11,120.0,132.0,1320.0,1188.0,COMPLETED
ORD-11556,2026-03-21,00079,PROD_005,,Mayorista / B2B,15,650.0,975.0,9750.0,8775.0,COMPLETED
ORD-11557,2026-03-21,00044,PROD_003,CMP-03,Retail / Tiendas,2,750.0,0.0,1500.0,1500.0,COMPLETED
ORD-11558,2026-03-21,00058,PROD_007,,Retail / Tiendas,1,120.0,6.0,120.0,114.0,CANCELLED
ORD-11559,2026-03-21,00011,PROD_006,CMP-03,Retail / Tiendas,1,55.0,0.0,55.0,55.0,COMPLETED
ORD-11560,2026-03-21,00008,PROD_008,CMP-03,Retail / Tiendas,3,1400.0,0.0,4200.0,4200.0,COMPLETED
ORD-11561,2026-03-21,00048,PROD_004,,Retail / Tiendas,1,380.0,19.0,380.0,361.0,COMPLETED
ORD-11562,2026-03-21,00024,PROD_007,,Retail / Tiendas,2,120.0,0.0,240.0,240.0,COMPLETED
ORD-11563,2026-03-21,00031,PROD_006,,Online / Directo,3,55.0,0.0,165.0,165.0,COMPLETED
ORD-11564,2026-03-21,00034,PROD_007,,Mayorista / B2B,17,120.0,0.0,2040.0,2040.0,COMPLETED
ORD-11565,2026-03-21,00017,PROD_005,,Mayorista / B2B,22,650.0,0.0,14300.0,14300.0,COMPLETED
ORD-11566,2026-03-21,00072,PROD_003,,Mayorista / B2B,10,750.0,0.0,7500.0,7500.0,COMPLETED
ORD-11567,2026-03-21,00059,PROD_005,,Mayorista / B2B,7,650.0,0.0,4550.0,4550.0,COMPLETED
ORD-11568,2026-03-21,00006,PROD_003,,Retail / Tiendas,2,750.0,150.0,1500.0,1350.0,COMPLETED
ORD-11569,2026-03-21,00043,PROD_005,,Retail / Tiendas,1,650.0,0.0,650.0,650.0,COMPLETED
ORD-11570,2026-03-21,00039,PROD_007,CMP-03,Online / Directo,3,120.0,54.0,360.0,306.0,COMPLETED
ORD-11571,2026-03-21,00008,PROD_001,,Mayorista / B2B,23,4500.0,5175.0,103500.0,98325.0,COMPLETED
ORD-11572,2026-03-21,00078,PROD_005,,Retail / Tiendas,2,650.0,130.0,1300.0,1170.0,COMPLETED
ORD-11573,2026-03-21,00027,PROD_005,,Retail / Tiendas,1,650.0,0.0,650.0,650.0,COMPLETED
ORD-11574,2026-03-21,00051,PROD_006,CMP-03,Mayorista / B2B,24,55.0,132.0,1320.0,1188.0,COMPLETED
ORD-11575,2026-03-21,00050,PROD_007,,Retail / Tiendas,2,120.0,0.0,240.0,240.0,COMPLETED
ORD-11576,2026-03-21,00077,PROD_008,,Online / Directo,3,1400.0,0.0,4200.0,4200.0,COMPLETED
ORD-11577,2026-03-21,00032,PROD_004,CMP-03,Mayorista / B2B,6,380.0,114.0,2280.0,2166.0,COMPLETED
ORD-11578,2026-03-22,00063,PROD_006,,Mayorista / B2B,12,55.0,33.0,660.0,627.0,COMPLETED
ORD-11579,2026-03-22,00052,PROD_007,,Retail / Tiendas,3,120.0,0.0,360.0,360.0,CANCELLED
ORD-11580,2026-03-22,00034,PROD_003,,Mayorista / B2B,7,750.0,525.0,5250.0,4725.0,COMPLETED
ORD-11581,2026-03-22,00004,PROD_005,CMP-03,Retail / Tiendas,1,650.0,0.0,650.0,650.0,COMPLETED
ORD-11582,2026-03-22,00027,PROD_008,,Online / Directo,2,1400.0,280.0,2800.0,2520.0,COMPLETED
ORD-11583,2026-03-22,00027,PROD_003,,Retail / Tiendas,2,750.0,150.0,1500.0,1350.0,COMPLETED
ORD-11584,2026-03-22,00079,PROD_003,CMP-03,Online / Directo,3,750.0,225.0,2250.0,2025.0,COMPLETED
ORD-11585,2026-03-22,00058,PROD_007,CMP-03,Retail / Tiendas,2,120.0,0.0,240.0,240.0,COMPLETED
ORD-11586,2026-03-22,00033,PROD_006,,Retail / Tiendas,1,55.0,0.0,55.0,55.0,COMPLETED
ORD-11587,2026-03-22,00026,PROD_004,,Retail / Tiendas,1,380.0,0.0,380.0,380.0,COMPLETED
ORD-11588,2026-03-22,00059,PROD_001,CMP-03,Mayorista / B2B,14,4500.0,3150.0,63000.0,59850.0,COMPLETED
ORD-11589,2026-03-22,00031,PROD_007,,Mayorista / B2B,6,120.0,0.0,720.0,720.0,COMPLETED
ORD-11590,2026-03-22,00015,PROD_002,,Retail / Tiendas,3,2100.0,0.0,6300.0,6300.0,COMPLETED
ORD-11591,2026-03-22,00041,PROD_006,,Mayorista / B2B,8,55.0,44.0,440.0,396.0,COMPLETED
ORD-11592,2026-03-22,00010,PROD_006,CMP-03,Online / Directo,2,55.0,0.0,110.0,110.0,COMPLETED
ORD-11593,2026-03-23,00073,PROD_003,,Retail / Tiendas,3,750.0,225.0,2250.0,2025.0,COMPLETED
ORD-11594,2026-03-23,00052,PROD_006,,Online / Directo,2,55.0,0.0,110.0,110.0,COMPLETED
ORD-11595,2026-03-23,00062,PROD_004,,Mayorista / B2B,24,380.0,912.0,9120.0,8208.0,COMPLETED
ORD-11596,2026-03-23,00063,PROD_002,,Online / Directo,2,2100.0,420.0,4200.0,3780.0,COMPLETED
ORD-11597,2026-03-23,00062,PROD_008,CMP-03,Mayorista / B2B,7,1400.0,980.0,9800.0,8820.0,COMPLETED
ORD-11598,2026-03-23,00032,PROD_007,,Mayorista / B2B,11,120.0,66.0,1320.0,1254.0,COMPLETED
ORD-11599,2026-03-23,00044,PROD_002,CMP-03,Mayorista / B2B,17,2100.0,3570.0,35700.0,32130.0,COMPLETED
ORD-11600,2026-03-23,00017,PROD_005,,Mayorista / B2B,17,650.0,552.5,11050.0,10497.5,COMPLETED
ORD-11601,2026-03-23,00041,PROD_007,,Mayorista / B2B,17,120.0,0.0,2040.0,2040.0,COMPLETED
ORD-11602,2026-03-23,00015,PROD_004,CMP-03,Retail / Tiendas,3,380.0,57.0,1140.0,1083.0,COMPLETED
ORD-11603,2026-03-23,00010,PROD_006,,Mayorista / B2B,17,55.0,140.25,935.0,794.75,COMPLETED
ORD-11604,2026-03-23,00043,PROD_002,CMP-03,Retail / Tiendas,1,2100.0,105.0,2100.0,1995.0,COMPLETED
ORD-11605,2026-03-23,00001,PROD_001,,Online / Directo,3,4500.0,0.0,13500.0,13500.0,COMPLETED
ORD-11606,2026-03-23,00054,PROD_001,CMP-03,Mayorista / B2B,13,4500.0,2925.0,58500.0,55575.0,COMPLETED
ORD-11607,2026-03-23,00029,PROD_004,CMP-03,Mayorista / B2B,18,380.0,342.0,6840.0,6498.0,COMPLETED
ORD-11608,2026-03-23,00045,PROD_008,,Online / Directo,3,1400.0,0.0,4200.0,4200.0,COMPLETED
ORD-11609,2026-03-23,00015,PROD_008,CMP-03,Online / Directo,1,1400.0,0.0,1400.0,1400.0,COMPLETED
ORD-11610,2026-03-23,00051,PROD_006,,Mayorista / B2B,14,55.0,115.5,770.0,654.5,COMPLETED
ORD-11611,2026-03-23,00036,PROD_007,CMP-03,Online / Directo,2,120.0,0.0,240.0,240.0,COMPLETED
ORD-11612,2026-03-23,00068,PROD_006,,Mayorista / B2B,21,55.0,57.75,1155.0,1097.25,COMPLETED
ORD-11613,2026-03-23,00009,PROD_007,CMP-03,Retail / Tiendas,1,120.0,12.0,120.0,108.0,COMPLETED
ORD-11614,2026-03-23,00019,PROD_005,CMP-03,Mayorista / B2B,10,650.0,650.0,6500.0,5850.0,COMPLETED
ORD-11615,2026-03-24,00071,PROD_001,CMP-03,Online / Directo,3,4500.0,0.0,13500.0,13500.0,COMPLETED
ORD-11616,2026-03-24,00052,PROD_006,CMP-03,Online / Directo,2,55.0,0.0,110.0,110.0,COMPLETED
ORD-11617,2026-03-24,00052,PROD_006,,Retail / Tiendas,3,55.0,16.5,165.0,148.5,COMPLETED
ORD-11618,2026-03-24,00015,PROD_001,,Mayorista / B2B,9,4500.0,4050.0,40500.0,36450.0,COMPLETED
ORD-11619,2026-03-24,00055,PROD_005,CMP-03,Mayorista / B2B,20,650.0,0.0,13000.0,13000.0,COMPLETED
ORD-11620,2026-03-24,00073,PROD_005,CMP-03,Online / Directo,3,650.0,0.0,1950.0,1950.0,COMPLETED
ORD-11621,2026-03-24,00062,PROD_001,CMP-03,Mayorista / B2B,7,4500.0,0.0,31500.0,31500.0,COMPLETED
ORD-11622,2026-03-24,00040,PROD_001,,Retail / Tiendas,3,4500.0,0.0,13500.0,13500.0,COMPLETED
ORD-11623,2026-03-24,00032,PROD_001,CMP-03,Retail / Tiendas,2,4500.0,0.0,9000.0,9000.0,COMPLETED
ORD-11624,2026-03-24,00076,PROD_001,CMP-03,Mayorista / B2B,10,4500.0,4500.0,45000.0,40500.0,COMPLETED
ORD-11625,2026-03-24,00063,PROD_003,CMP-03,Retail / Tiendas,2,750.0,0.0,1500.0,1500.0,COMPLETED
ORD-11626,2026-03-24,00057,PROD_002,CMP-03,Mayorista / B2B,23,2100.0,2415.0,48300.0,45885.0,COMPLETED
ORD-11627,2026-03-24,00010,PROD_003,,Retail / Tiendas,1,750.0,75.0,750.0,675.0,COMPLETED
ORD-11628,2026-03-24,00046,PROD_005,,Online / Directo,2,650.0,0.0,1300.0,1300.0,COMPLETED
ORD-11629,2026-03-24,00077,PROD_001,,Mayorista / B2B,5,4500.0,3375.0,22500.0,19125.0,COMPLETED
ORD-11630,2026-03-24,00003,PROD_002,CMP-03,Mayorista / B2B,12,2100.0,0.0,25200.0,25200.0,COMPLETED
ORD-11631,2026-03-24,00025,PROD_006,,Mayorista / B2B,16,55.0,44.0,880.0,836.0,COMPLETED
ORD-11632,2026-03-24,00076,PROD_008,CMP-03,Retail / Tiendas,2,1400.0,280.0,2800.0,2520.0,COMPLETED
ORD-11633,2026-03-24,00027,PROD_006,,Mayorista / B2B,16,55.0,0.0,880.0,880.0,REFUNDED
ORD-11634,2026-03-25,00004,PROD_002,CMP-03,Mayorista / B2B,5,2100.0,525.0,10500.0,9975.0,COMPLETED
ORD-11635,2026-03-25,00057,PROD_005,,Mayorista / B2B,5,650.0,162.5,3250.0,3087.5,COMPLETED
ORD-11636,2026-03-25,00061,PROD_004,,Mayorista / B2B,7,380.0,0.0,2660.0,2660.0,COMPLETED
ORD-11637,2026-03-25,00001,PROD_006,CMP-03,Online / Directo,3,55.0,8.25,165.0,156.75,COMPLETED
ORD-11638,2026-03-25,00004,PROD_005,,Mayorista / B2B,22,650.0,1430.0,14300.0,12870.0,COMPLETED
ORD-11639,2026-03-25,00049,PROD_001,CMP-03,Retail / Tiendas,2,4500.0,,9000.0,7650.0,COMPLETED
ORD-11640,2026-03-25,00048,PROD_007,,Mayorista / B2B,21,120.0,126.0,2520.0,2394.0,COMPLETED
ORD-11641,2026-03-25,00065,PROD_008,,Mayorista / B2B,22,1400.0,0.0,30800.0,30800.0,COMPLETED
ORD-11642,2026-03-25,00043,PROD_003,CMP-03,Mayorista / B2B,12,750.0,0.0,9000.0,9000.0,COMPLETED
ORD-11643,2026-03-25,00069,PROD_008,CMP-03,Mayorista / B2B,19,1400.0,3990.0,26600.0,22610.0,COMPLETED
ORD-11644,2026-03-25,00048,PROD_005,,Mayorista / B2B,16,650.0,0.0,10400.0,10400.0,COMPLETED
ORD-11645,2026-03-25,00024,PROD_004,CMP-03,Retail / Tiendas,1,380.0,19.0,380.0,361.0,COMPLETED
ORD-11646,2026-03-25,00014,PROD_003,,Online / Directo,3,750.0,112.5,2250.0,2137.5,COMPLETED
ORD-11647,2026-03-25,00068,PROD_001,,Retail / Tiendas,1,4500.0,0.0,4500.0,4500.0,COMPLETED
ORD-11648,2026-03-25,00029,PROD_003,CMP-03,Retail / Tiendas,3,750.0,0.0,2250.0,2250.0,COMPLETED
ORD-11649,2026-03-25,00044,PROD_008,CMP-03,Online / Directo,3,1400.0,210.0,4200.0,3990.0,COMPLETED
ORD-11650,2026-03-26,00052,PROD_006,,Mayorista / B2B,8,55.0,66.0,440.0,374.0,COMPLETED
ORD-11651,2026-03-26,00022,PROD_007,,Mayorista / B2B,22,120.0,0.0,2640.0,2640.0,REFUNDED
ORD-11652,2026-03-26,00069,PROD_001,CMP-03,Online / Directo,2,4500.0,0.0,9000.0,9000.0,COMPLETED
ORD-11653,2026-03-26,00079,PROD_001,,Online / Directo,3,4500.0,0.0,13500.0,13500.0,COMPLETED
ORD-11654,2026-03-26,00032,PROD_005,,Online / Directo,2,650.0,195.0,1300.0,1105.0,COMPLETED
ORD-11655,2026-03-26,00062,PROD_008,,Retail / Tiendas,1,1400.0,210.0,1400.0,1190.0,COMPLETED
ORD-11656,2026-03-26,00024,PROD_003,,Retail / Tiendas,3,750.0,112.5,2250.0,2137.5,COMPLETED
ORD-11657,2026-03-26,00058,PROD_008,,Retail / Tiendas,1,1400.0,0.0,1400.0,1400.0,COMPLETED
ORD-11658,2026-03-26,00052,PROD_002,CMP-03,Mayorista / B2B,13,2100.0,0.0,27300.0,27300.0,COMPLETED
ORD-11659,2026-03-26,00033,PROD_004,,Mayorista / B2B,8,380.0,0.0,3040.0,3040.0,COMPLETED
ORD-11660,2026-03-26,00025,PROD_007,CMP-03,Mayorista / B2B,13,120.0,0.0,1560.0,1560.0,COMPLETED
ORD-11661,2026-03-26,00026,PROD_003,,Retail / Tiendas,3,750.0,337.5,2250.0,1912.5,COMPLETED
ORD-11662,2026-03-26,00076,PROD_004,,Retail / Tiendas,2,380.0,0.0,760.0,760.0,COMPLETED
ORD-11663,2026-03-26,00048,PROD_006,CMP-03,Retail / Tiendas,2,55.0,0.0,110.0,110.0,COMPLETED
ORD-11664,2026-03-26,00061,PROD_006,,Mayorista / B2B,8,55.0,0.0,440.0,440.0,COMPLETED
ORD-11665,2026-03-26,00055,PROD_008,CMP-03,Online / Directo,2,1400.0,140.0,2800.0,2660.0,COMPLETED
ORD-11666,2026-03-26,00069,PROD_004,,Mayorista / B2B,14,380.0,266.0,5320.0,5054.0,COMPLETED
ORD-11667,2026-03-26,00052,PROD_004,CMP-03,Mayorista / B2B,11,380.0,0.0,4180.0,4180.0,COMPLETED
ORD-11668,2026-03-27,00043,PROD_008,,Online / Directo,2,1400.0,140.0,2800.0,2660.0,COMPLETED
ORD-11669,2026-03-27,00031,PROD_002,,Online / Directo,3,2100.0,0.0,6300.0,6300.0,COMPLETED
ORD-11670,2026-03-27,00044,PROD_007,,Retail / Tiendas,1,120.0,0.0,120.0,120.0,COMPLETED
ORD-11671,2026-03-27,00051,PROD_003,,Mayorista / B2B,21,750.0,1575.0,15750.0,14175.0,COMPLETED
ORD-11672,2026-03-27,00072,PROD_007,,Mayorista / B2B,24,120.0,144.0,2880.0,2736.0,COMPLETED
ORD-11673,2026-03-27,00073,PROD_007,,Retail / Tiendas,3,120.0,,360.0,360.0,COMPLETED
ORD-11674,2026-03-27,00006,PROD_008,,Online / Directo,3,1400.0,210.0,4200.0,3990.0,COMPLETED
ORD-11675,2026-03-27,00065,PROD_007,,Retail / Tiendas,2,120.0,12.0,240.0,228.0,COMPLETED
ORD-11676,2026-03-27,00077,PROD_003,,Mayorista / B2B,5,750.0,0.0,3750.0,3750.0,COMPLETED
ORD-11677,2026-03-27,00023,PROD_003,,Retail / Tiendas,1,750.0,0.0,750.0,750.0,COMPLETED
ORD-11678,2026-03-27,00075,PROD_006,CMP-03,Online / Directo,3,55.0,8.25,165.0,156.75,COMPLETED
ORD-11679,2026-03-27,00033,PROD_006,CMP-03,Mayorista / B2B,5,55.0,41.25,275.0,233.75,COMPLETED
ORD-11680,2026-03-27,00030,PROD_008,CMP-03,Retail / Tiendas,3,1400.0,0.0,4200.0,4200.0,COMPLETED
ORD-11681,2026-03-27,00003,PROD_006,,Retail / Tiendas,3,55.0,0.0,165.0,165.0,REFUNDED
ORD-11682,2026-03-27,00018,PROD_003,,Mayorista / B2B,11,750.0,825.0,8250.0,7425.0,COMPLETED
ORD-11683,2026-03-27,00026,PROD_003,CMP-03,Mayorista / B2B,10,750.0,375.0,7500.0,7125.0,COMPLETED
ORD-11684,2026-03-27,00018,PROD_003,,Mayorista / B2B,16,750.0,0.0,12000.0,12000.0,COMPLETED
ORD-11685,2026-03-27,00039,PROD_003,CMP-03,Mayorista / B2B,13,750.0,0.0,9750.0,9750.0,COMPLETED
ORD-11686,2026-03-27,00040,PROD_006,CMP-03,Mayorista / B2B,14,55.0,38.5,770.0,731.5,COMPLETED
ORD-11687,2026-03-27,00033,PROD_005,CMP-03,Online / Directo,1,650.0,32.5,650.0,617.5,COMPLETED
ORD-11688,2026-03-28,00035,PROD_002,,Mayorista / B2B,23,2100.0,,48300.0,48300.0,COMPLETED
ORD-11689,2026-03-28,00018,PROD_004,CMP-03,Mayorista / B2B,22,380.0,1254.0,8360.0,7106.0,COMPLETED
ORD-11690,2026-03-28,00001,PROD_003,,Retail / Tiendas,1,750.0,112.5,750.0,637.5,CANCELLED
ORD-11691,2026-03-28,00022,PROD_001,,Retail / Tiendas,2,4500.0,0.0,9000.0,9000.0,COMPLETED
ORD-11692,2026-03-28,00075,PROD_006,CMP-03,Retail / Tiendas,1,55.0,2.75,55.0,52.25,CANCELLED
ORD-11693,2026-03-28,00053,PROD_008,CMP-03,Mayorista / B2B,6,1400.0,420.0,8400.0,7980.0,COMPLETED
ORD-11694,2026-03-28,00062,PROD_004,CMP-03,Online / Directo,2,380.0,76.0,760.0,684.0,COMPLETED
ORD-11695,2026-03-28,00058,PROD_005,CMP-03,Retail / Tiendas,1,650.0,,650.0,650.0,COMPLETED
ORD-11696,2026-03-28,00032,PROD_006,CMP-03,Mayorista / B2B,21,55.0,0.0,1155.0,1155.0,COMPLETED
ORD-11697,2026-03-28,00028,PROD_007,CMP-03,Mayorista / B2B,6,120.0,0.0,720.0,720.0,COMPLETED
ORD-11698,2026-03-28,00003,PROD_006,,Retail / Tiendas,2,55.0,0.0,110.0,110.0,COMPLETED
ORD-11699,2026-03-28,00050,PROD_006,,Retail / Tiendas,3,55.0,16.5,165.0,148.5,COMPLETED
ORD-11700,2026-03-28,00055,PROD_007,,Retail / Tiendas,1,120.0,0.0,120.0,120.0,COMPLETED
ORD-11701,2026-03-28,00049,PROD_003,,Mayorista / B2B,23,750.0,2587.5,17250.0,14662.5,COMPLETED
ORD-11702,2026-03-28,00057,PROD_002,CMP-03,Online / Directo,2,2100.0,630.0,4200.0,3570.0,COMPLETED
ORD-11703,2026-03-28,00031,PROD_005,,Online / Directo,1,650.0,32.5,650.0,617.5,COMPLETED
ORD-11704,2026-03-28,00009,PROD_002,,Retail / Tiendas,3,2100.0,0.0,6300.0,6300.0,COMPLETED
ORD-11705,2026-03-28,00056,PROD_001,,Online / Directo,2,4500.0,0.0,9000.0,9000.0,COMPLETED
ORD-11706,2026-03-28,00062,PROD_007,,Mayorista / B2B,10,120.0,0.0,1200.0,1200.0,COMPLETED
ORD-11707,2026-03-29,00040,PROD_001,,Retail / Tiendas,1,4500.0,0.0,4500.0,4500.0,COMPLETED
ORD-11708,2026-03-29,00011,PROD_004,CMP-03,Mayorista / B2B,8,380.0,304.0,3040.0,2736.0,COMPLETED
ORD-11709,2026-03-29,00016,PROD_006,CMP-03,Mayorista / B2B,20,55.0,,1100.0,935.0,COMPLETED
ORD-11710,2026-03-29,00001,PROD_003,CMP-03,Mayorista / B2B,12,750.0,900.0,9000.0,8100.0,COMPLETED
ORD-11711,2026-03-29,00033,PROD_008,,Mayorista / B2B,18,1400.0,3780.0,25200.0,21420.0,COMPLETED
ORD-11712,2026-03-29,00052,PROD_005,,Mayorista / B2B,16,650.0,0.0,10400.0,10400.0,COMPLETED
ORD-11713,2026-03-29,00026,PROD_002,CMP-03,Retail / Tiendas,1,2100.0,315.0,2100.0,1785.0,COMPLETED
ORD-11714,2026-03-29,00024,PROD_001,CMP-03,Retail / Tiendas,3,4500.0,2025.0,13500.0,11475.0,COMPLETED
ORD-11715,2026-03-29,00039,PROD_004,CMP-03,Retail / Tiendas,2,380.0,76.0,760.0,684.0,COMPLETED
ORD-11716,2026-03-29,00067,PROD_008,CMP-03,Mayorista / B2B,19,1400.0,0.0,26600.0,26600.0,COMPLETED
ORD-11717,2026-03-29,00048,PROD_006,,Online / Directo,3,55.0,0.0,165.0,165.0,COMPLETED
ORD-11718,2026-03-29,00068,PROD_005,,Mayorista / B2B,12,650.0,780.0,7800.0,7020.0,COMPLETED
ORD-11719,2026-03-29,00005,PROD_003,,Retail / Tiendas,3,750.0,0.0,2250.0,2250.0,COMPLETED
ORD-11720,2026-03-29,00002,PROD_006,,Online / Directo,3,55.0,0.0,165.0,165.0,COMPLETED
ORD-11721,2026-03-29,00053,PROD_005,CMP-03,Online / Directo,3,650.0,0.0,1950.0,1950.0,COMPLETED
ORD-11722,2026-03-29,00001,PROD_007,,Retail / Tiendas,3,120.0,18.0,360.0,342.0,COMPLETED
ORD-11723,2026-03-29,00065,PROD_001,CMP-03,Online / Directo,3,4500.0,0.0,13500.0,13500.0,COMPLETED
ORD-11724,2026-03-29,00073,PROD_002,CMP-03,Mayorista / B2B,15,2100.0,3150.0,31500.0,28350.0,COMPLETED
ORD-11725,2026-03-29,00038,PROD_008,,Mayorista / B2B,14,1400.0,0.0,19600.0,19600.0,COMPLETED
ORD-11726,2026-03-29,00009,PROD_008,,Retail / Tiendas,3,1400.0,0.0,4200.0,4200.0,COMPLETED
ORD-11727,2026-03-29,00005,PROD_005,,Online / Directo,3,650.0,0.0,1950.0,1950.0,COMPLETED
ORD-11728,2026-03-29,00035,PROD_006,,Mayorista / B2B,5,55.0,13.75,275.0,261.25,COMPLETED
ORD-11729,2026-03-30,00056,PROD_001,,Retail / Tiendas,1,4500.0,450.0,4500.0,4050.0,COMPLETED
ORD-11730,2026-03-30,00049,PROD_001,CMP-03,Online / Directo,2,4500.0,900.0,9000.0,8100.0,COMPLETED
ORD-11731,2026-03-30,00014,PROD_002,,Mayorista / B2B,20,2100.0,2100.0,42000.0,39900.0,COMPLETED
ORD-11732,2026-03-30,00019,PROD_003,,Online / Directo,2,750.0,0.0,1500.0,1500.0,CANCELLED
ORD-11733,2026-03-30,00036,PROD_006,CMP-03,Online / Directo,3,55.0,0.0,165.0,165.0,COMPLETED
ORD-11734,2026-03-30,00018,PROD_005,CMP-03,Retail / Tiendas,1,650.0,97.5,650.0,552.5,COMPLETED
ORD-11735,2026-03-30,00033,PROD_002,,Retail / Tiendas,1,2100.0,105.0,2100.0,1995.0,COMPLETED
ORD-11736,2026-03-30,00021,PROD_004,CMP-03,Mayorista / B2B,14,380.0,0.0,5320.0,5320.0,COMPLETED
ORD-11737,2026-03-30,00062,PROD_006,,Online / Directo,1,55.0,5.5,55.0,49.5,COMPLETED
ORD-11738,2026-03-30,00001,PROD_007,,Mayorista / B2B,16,120.0,0.0,1920.0,1920.0,COMPLETED
ORD-11739,2026-03-30,00061,PROD_002,,Retail / Tiendas,3,2100.0,0.0,6300.0,6300.0,COMPLETED
ORD-11740,2026-03-30,00005,PROD_003,CMP-03,Mayorista / B2B,7,750.0,0.0,5250.0,5250.0,COMPLETED
ORD-11741,2026-03-30,00025,PROD_006,,Retail / Tiendas,3,55.0,0.0,165.0,165.0,COMPLETED
ORD-11742,2026-03-30,00015,PROD_006,,Mayorista / B2B,12,55.0,0.0,660.0,660.0,COMPLETED
ORD-11743,2026-03-30,00016,PROD_003,,Mayorista / B2B,6,750.0,0.0,4500.0,4500.0,COMPLETED
ORD-11744,2026-03-30,00034,PROD_002,,Mayorista / B2B,24,2100.0,7560.0,50400.0,42840.0,COMPLETED
ORD-11745,2026-03-30,00062,PROD_007,,Online / Directo,1,120.0,6.0,120.0,114.0,COMPLETED
ORD-11746,2026-03-30,00045,PROD_006,CMP-03,Online / Directo,3,55.0,0.0,165.0,165.0,COMPLETED
ORD-11747,2026-03-30,00011,PROD_006,,Mayorista / B2B,20,55.0,165.0,1100.0,935.0,COMPLETED
ORD-11748,2026-03-30,00005,PROD_004,,Online / Directo,3,380.0,171.0,1140.0,969.0,COMPLETED
ORD-11749,2026-03-31,00069,PROD_001,CMP-03,Mayorista / B2B,17,4500.0,0.0,76500.0,76500.0,COMPLETED
ORD-11750,2026-03-31,00045,PROD_007,,Retail / Tiendas,1,120.0,0.0,120.0,120.0,COMPLETED
ORD-11751,2026-03-31,00037,PROD_005,,Mayorista / B2B,9,650.0,292.5,5850.0,5557.5,COMPLETED
ORD-11752,2026-03-31,00061,PROD_004,,Mayorista / B2B,19,380.0,0.0,7220.0,7220.0,COMPLETED
ORD-11753,2026-03-31,00034,PROD_006,,Mayorista / B2B,5,55.0,41.25,275.0,233.75,COMPLETED
ORD-11754,2026-03-31,00015,PROD_006,,Mayorista / B2B,18,55.0,49.5,990.0,940.5,COMPLETED
ORD-11755,2026-03-31,00029,PROD_001,CMP-03,Retail / Tiendas,3,4500.0,0.0,13500.0,13500.0,COMPLETED
ORD-11756,2026-03-31,00009,PROD_007,CMP-03,Online / Directo,2,120.0,0.0,240.0,240.0,COMPLETED
ORD-11757,2026-03-31,00043,PROD_005,,Online / Directo,3,650.0,97.5,1950.0,1852.5,COMPLETED
ORD-11758,2026-03-31,00048,PROD_008,,Mayorista / B2B,5,1400.0,0.0,7000.0,7000.0,COMPLETED
ORD-11759,2026-03-31,00051,PROD_001,,Online / Directo,1,4500.0,450.0,4500.0,4050.0,COMPLETED
ORD-11760,2026-03-31,00008,PROD_006,,Mayorista / B2B,14,55.0,115.5,770.0,654.5,COMPLETED
ORD-11761,2026-03-31,00060,PROD_004,CMP-03,Online / Directo,2,380.0,76.0,760.0,684.0,CANCELLED
ORD-11762,2026-03-31,00073,PROD_006,CMP-03,Mayorista / B2B,5,55.0,13.75,275.0,261.25,COMPLETED
ORD-11763,2026-03-31,00043,PROD_004,,Retail / Tiendas,1,380.0,0.0,380.0,380.0,COMPLETED
ORD-11764,2026-03-31,00042,PROD_002,CMP-03,Retail / Tiendas,2,2100.0,0.0,4200.0,4200.0,COMPLETED
ORD-11765,2026-03-31,00050,PROD_002,CMP-03,Retail / Tiendas,1,2100.0,105.0,2100.0,1995.0,COMPLETED
ORD-11766,2026-03-31,00033,PROD_004,CMP-03,Mayorista / B2B,22,380.0,0.0,8360.0,8360.0,COMPLETED
ORD-11767,2026-03-31,00067,PROD_006,,Retail / Tiendas,3,55.0,8.25,165.0,156.75,COMPLETED
ORD-11768,2026-03-31,00049,PROD_005,,Online / Directo,2,650.0,0.0,1300.0,1300.0,COMPLETED
ORD-11769,2026-03-31,00004,PROD_006,,Mayorista / B2B,6,55.0,33.0,330.0,297.0,COMPLETED
ORD-11770,2026-04-01,00015,PROD_007,,Mayorista / B2B,19,120.0,0.0,2280.0,2280.0,COMPLETED
ORD-11771,2026-04-01,00022,PROD_003,,Retail / Tiendas,2,750.0,0.0,1500.0,1500.0,COMPLETED
ORD-11772,2026-04-01,00009,PROD_002,,Online / Directo,1,2100.0,0.0,2100.0,2100.0,COMPLETED
ORD-11775,2026-04-01,00035,PROD_006,,Mayorista / B2B,15,55.0,0.0,825.0,825.0,COMPLETED
ORD-11776,2026-04-01,00014,PROD_007,,Mayorista / B2B,14,120.0,0.0,1680.0,1680.0,COMPLETED
ORD-11777,2026-04-01,00029,PROD_001,,Retail / Tiendas,3,4500.0,0.0,13500.0,13500.0,COMPLETED
ORD-11778,2026-04-01,00057,PROD_007,,Mayorista / B2B,7,120.0,42.0,840.0,798.0,COMPLETED
ORD-11779,2026-04-01,00024,PROD_003,,Mayorista / B2B,6,750.0,675.0,4500.0,3825.0,COMPLETED
ORD-11780,2026-04-01,00035,PROD_005,,Retail / Tiendas,3,650.0,0.0,1950.0,1950.0,COMPLETED
ORD-11781,2026-04-01,00049,PROD_001,,Retail / Tiendas,2,4500.0,0.0,9000.0,9000.0,COMPLETED
ORD-11783,2026-04-01,00052,PROD_003,,Mayorista / B2B,9,750.0,337.5,6750.0,6412.5,COMPLETED
ORD-11784,2026-04-01,00008,PROD_002,,Online / Directo,1,2100.0,0.0,2100.0,2100.0,COMPLETED
ORD-11785,2026-04-01,00052,PROD_008,,Retail / Tiendas,3,1400.0,210.0,4200.0,3990.0,COMPLETED
ORD-11787,2026-04-01,00029,PROD_006,,Retail / Tiendas,2,55.0,0.0,110.0,110.0,COMPLETED
ORD-11788,2026-04-01,00030,PROD_007,,Retail / Tiendas,3,120.0,0.0,360.0,360.0,COMPLETED
ORD-11790,2026-04-01,00015,PROD_001,,Retail / Tiendas,3,4500.0,675.0,13500.0,12825.0,COMPLETED
ORD-11791,2026-04-01,00049,PROD_006,,Retail / Tiendas,1,55.0,2.75,55.0,52.25,COMPLETED
ORD-11792,2026-04-01,00013,PROD_003,,Retail / Tiendas,3,750.0,112.5,2250.0,2137.5,COMPLETED
ORD-11794,2026-04-02,00054,PROD_007,,Retail / Tiendas,3,120.0,0.0,360.0,360.0,COMPLETED
ORD-11795,2026-04-02,00045,PROD_002,,Retail / Tiendas,3,2100.0,,6300.0,6300.0,COMPLETED
ORD-11797,2026-04-02,00049,PROD_006,,Online / Directo,3,55.0,0.0,165.0,165.0,COMPLETED
ORD-11799,2026-04-02,00058,PROD_006,,Online / Directo,2,55.0,11.0,110.0,99.0,COMPLETED
ORD-11800,2026-04-02,00044,PROD_004,,Online / Directo,3,380.0,0.0,1140.0,1140.0,COMPLETED
ORD-11801,2026-04-02,00074,PROD_001,,Retail / Tiendas,3,4500.0,1350.0,13500.0,12150.0,CANCELLED
ORD-11802,2026-04-02,00001,PROD_007,,Retail / Tiendas,1,120.0,0.0,120.0,120.0,COMPLETED
ORD-11803,2026-04-02,00007,PROD_004,,Online / Directo,1,380.0,19.0,380.0,361.0,COMPLETED
ORD-11804,2026-04-02,00043,PROD_006,,Online / Directo,3,55.0,8.25,165.0,156.75,COMPLETED
ORD-11805,2026-04-02,00026,PROD_003,,Online / Directo,3,750.0,112.5,2250.0,2137.5,COMPLETED
ORD-11807,2026-04-02,00027,PROD_001,,Retail / Tiendas,1,4500.0,0.0,4500.0,4500.0,COMPLETED
ORD-11809,2026-04-02,00015,PROD_002,,Retail / Tiendas,2,2100.0,0.0,4200.0,4200.0,COMPLETED
ORD-11810,2026-04-02,00073,PROD_002,,Retail / Tiendas,1,2100.0,0.0,2100.0,2100.0,COMPLETED
ORD-11811,2026-04-02,00019,PROD_001,,Online / Directo,3,4500.0,675.0,13500.0,12825.0,COMPLETED
ORD-11812,2026-04-02,00050,PROD_001,,Retail / Tiendas,3,4500.0,1350.0,13500.0,12150.0,COMPLETED
ORD-11813,2026-04-03,00074,PROD_008,,Online / Directo,1,1400.0,140.0,1400.0,1260.0,COMPLETED
ORD-11814,2026-04-03,00064,PROD_008,,Online / Directo,2,1400.0,0.0,2800.0,2800.0,COMPLETED
ORD-11818,2026-04-03,00047,PROD_005,,Online / Directo,2,650.0,65.0,1300.0,1235.0,COMPLETED
ORD-11819,2026-04-03,00046,PROD_003,,Retail / Tiendas,3,750.0,112.5,2250.0,2137.5,COMPLETED
ORD-11820,2026-04-03,00028,PROD_002,,Online / Directo,3,2100.0,315.0,6300.0,5985.0,COMPLETED
ORD-11821,2026-04-03,00057,PROD_007,,Mayorista / B2B,16,120.0,0.0,1920.0,1920.0,COMPLETED
ORD-11825,2026-04-03,00021,PROD_004,,Online / Directo,1,380.0,0.0,380.0,380.0,COMPLETED
ORD-11826,2026-04-03,00052,PROD_006,,Online / Directo,1,55.0,,55.0,55.0,CANCELLED
ORD-11829,2026-04-03,00046,PROD_005,,Retail / Tiendas,3,650.0,0.0,1950.0,1950.0,COMPLETED
ORD-11830,2026-04-03,00045,PROD_008,,Online / Directo,2,1400.0,0.0,2800.0,2800.0,COMPLETED
ORD-11832,2026-04-03,00025,PROD_007,,Mayorista / B2B,10,120.0,0.0,1200.0,1200.0,COMPLETED
ORD-11834,2026-04-04,00052,PROD_001,,Mayorista / B2B,6,4500.0,0.0,27000.0,27000.0,COMPLETED
ORD-11835,2026-04-04,00009,PROD_007,,Retail / Tiendas,2,120.0,24.0,240.0,216.0,COMPLETED
ORD-11837,2026-04-04,00048,PROD_008,,Online / Directo,1,1400.0,70.0,1400.0,1330.0,COMPLETED
ORD-11839,2026-04-04,00019,PROD_007,,Retail / Tiendas,2,120.0,0.0,240.0,240.0,CANCELLED
ORD-11840,2026-04-04,00020,PROD_002,,Online / Directo,3,2100.0,0.0,6300.0,6300.0,COMPLETED
ORD-11843,2026-04-04,00071,PROD_001,,Mayorista / B2B,7,4500.0,1575.0,31500.0,29925.0,COMPLETED
ORD-11844,2026-04-04,00075,PROD_004,,Online / Directo,1,380.0,57.0,380.0,323.0,COMPLETED
ORD-11845,2026-04-04,00015,PROD_001,,Retail / Tiendas,2,4500.0,0.0,9000.0,9000.0,COMPLETED
ORD-11846,2026-04-04,00067,PROD_006,,Online / Directo,2,55.0,0.0,110.0,110.0,COMPLETED
ORD-11849,2026-04-04,00021,PROD_002,,Mayorista / B2B,19,2100.0,1995.0,39900.0,37905.0,COMPLETED
ORD-11850,2026-04-04,00058,PROD_004,,Retail / Tiendas,2,380.0,114.0,760.0,646.0,COMPLETED
ORD-11851,2026-04-04,00072,PROD_004,,Retail / Tiendas,3,380.0,0.0,1140.0,1140.0,COMPLETED
ORD-11852,2026-04-04,00048,PROD_005,,Retail / Tiendas,3,650.0,0.0,1950.0,1950.0,COMPLETED
ORD-11853,2026-04-04,00023,PROD_004,,Retail / Tiendas,2,380.0,0.0,760.0,760.0,COMPLETED
ORD-11854,2026-04-05,00045,PROD_008,,Retail / Tiendas,1,1400.0,0.0,1400.0,1400.0,COMPLETED
ORD-11856,2026-04-05,00042,PROD_001,,Retail / Tiendas,3,4500.0,0.0,13500.0,13500.0,COMPLETED
ORD-11857,2026-04-05,00003,PROD_006,,Mayorista / B2B,5,55.0,13.75,275.0,261.25,COMPLETED
ORD-11858,2026-04-05,00040,PROD_007,,Retail / Tiendas,3,120.0,54.0,360.0,306.0,COMPLETED
ORD-11859,2026-04-05,00047,PROD_001,,Online / Directo,2,4500.0,0.0,9000.0,9000.0,COMPLETED
ORD-11860,2026-04-05,00023,PROD_005,,Retail / Tiendas,2,650.0,,1300.0,1300.0,COMPLETED
ORD-11862,2026-04-05,00019,PROD_008,,Retail / Tiendas,3,1400.0,0.0,4200.0,4200.0,CANCELLED
ORD-11863,2026-04-05,00079,PROD_004,,Mayorista / B2B,6,380.0,342.0,2280.0,1938.0,COMPLETED
ORD-11864,2026-04-05,00079,PROD_003,,Retail / Tiendas,1,750.0,0.0,750.0,750.0,COMPLETED
ORD-11865,2026-04-05,00006,PROD_008,,Retail / Tiendas,2,1400.0,420.0,2800.0,2380.0,COMPLETED
ORD-11866,2026-04-05,00007,PROD_003,,Retail / Tiendas,2,750.0,75.0,1500.0,1425.0,COMPLETED
ORD-11867,2026-04-05,00066,PROD_004,,Online / Directo,2,380.0,38.0,760.0,722.0,COMPLETED
ORD-11870,2026-04-05,00019,PROD_007,,Retail / Tiendas,1,120.0,18.0,120.0,102.0,COMPLETED
ORD-11871,2026-04-05,00040,PROD_002,,Retail / Tiendas,1,2100.0,105.0,2100.0,1995.0,COMPLETED
ORD-11872,2026-04-05,00038,PROD_006,,Online / Directo,3,55.0,0.0,165.0,165.0,COMPLETED
ORD-11875,2026-04-05,00003,PROD_003,,Online / Directo,1,750.0,0.0,750.0,750.0,COMPLETED
ORD-11876,2026-04-06,00019,PROD_004,,Retail / Tiendas,2,380.0,76.0,760.0,684.0,COMPLETED
ORD-11877,2026-04-06,00009,PROD_001,,Retail / Tiendas,2,4500.0,0.0,9000.0,9000.0,COMPLETED
ORD-11878,2026-04-06,00002,PROD_007,,Retail / Tiendas,1,120.0,6.0,120.0,114.0,COMPLETED
ORD-11879,2026-04-06,00073,PROD_004,,Online / Directo,3,380.0,0.0,1140.0,1140.0,COMPLETED
ORD-11881,2026-04-06,00042,PROD_002,,Retail / Tiendas,2,2100.0,0.0,4200.0,4200.0,COMPLETED
ORD-11883,2026-04-06,00049,PROD_001,,Online / Directo,1,4500.0,0.0,4500.0,4500.0,COMPLETED
ORD-11884,2026-04-06,00054,PROD_005,,Retail / Tiendas,1,650.0,0.0,650.0,650.0,COMPLETED
ORD-11885,2026-04-06,00038,PROD_006,,Online / Directo,3,55.0,,165.0,165.0,COMPLETED
ORD-11888,2026-04-06,00031,PROD_006,,Retail / Tiendas,3,55.0,8.25,165.0,156.75,COMPLETED
ORD-11889,2026-04-06,00032,PROD_001,,Online / Directo,3,4500.0,675.0,13500.0,12825.0,COMPLETED
ORD-11890,2026-04-06,00036,PROD_004,,Retail / Tiendas,1,380.0,57.0,380.0,323.0,COMPLETED
ORD-11891,2026-04-07,00005,PROD_004,,Retail / Tiendas,2,380.0,,760.0,684.0,COMPLETED
ORD-11892,2026-04-07,00065,PROD_006,,Retail / Tiendas,2,55.0,5.5,110.0,104.5,COMPLETED
ORD-11895,2026-04-07,00080,PROD_002,,Retail / Tiendas,1,2100.0,105.0,2100.0,1995.0,COMPLETED
ORD-11896,2026-04-07,00047,PROD_006,,Online / Directo,2,55.0,5.5,110.0,104.5,COMPLETED
ORD-11897,2026-04-07,00004,PROD_001,,Mayorista / B2B,23,4500.0,0.0,103500.0,103500.0,COMPLETED
ORD-11898,2026-04-07,00042,PROD_001,,Retail / Tiendas,3,4500.0,675.0,13500.0,12825.0,COMPLETED
ORD-11901,2026-04-07,00079,PROD_005,,Online / Directo,3,650.0,97.5,1950.0,1852.5,COMPLETED
ORD-11902,2026-04-07,00077,PROD_008,,Online / Directo,1,1400.0,210.0,1400.0,1190.0,COMPLETED
ORD-11903,2026-04-07,00009,PROD_008,,Mayorista / B2B,16,1400.0,1120.0,22400.0,21280.0,COMPLETED
ORD-11905,2026-04-07,00030,PROD_002,,Retail / Tiendas,1,2100.0,315.0,2100.0,1785.0,COMPLETED
ORD-11908,2026-04-07,00045,PROD_004,,Retail / Tiendas,2,380.0,0.0,760.0,760.0,COMPLETED
ORD-11910,2026-04-07,00045,PROD_007,,Online / Directo,1,120.0,6.0,120.0,114.0,COMPLETED
ORD-11911,2026-04-07,00058,PROD_007,,Online / Directo,1,120.0,12.0,120.0,108.0,CANCELLED
ORD-11912,2026-04-07,00064,PROD_002,,Retail / Tiendas,2,2100.0,210.0,4200.0,3990.0,COMPLETED
ORD-11914,2026-04-08,00066,PROD_002,,Retail / Tiendas,3,2100.0,0.0,6300.0,6300.0,COMPLETED
ORD-11915,2026-04-08,00074,PROD_001,,Mayorista / B2B,22,4500.0,0.0,99000.0,99000.0,COMPLETED
ORD-11917,2026-04-08,00065,PROD_002,,Retail / Tiendas,1,2100.0,105.0,2100.0,1995.0,COMPLETED
ORD-11919,2026-04-08,00036,PROD_005,,Retail / Tiendas,1,650.0,0.0,650.0,650.0,COMPLETED
ORD-11921,2026-04-08,00051,PROD_005,,Online / Directo,3,650.0,0.0,1950.0,1950.0,COMPLETED
ORD-11922,2026-04-08,00010,PROD_005,,Retail / Tiendas,2,650.0,0.0,1300.0,1300.0,COMPLETED
ORD-11926,2026-04-08,00022,PROD_006,,Retail / Tiendas,2,55.0,0.0,110.0,110.0,COMPLETED
ORD-11927,2026-04-08,00070,PROD_006,,Online / Directo,3,55.0,0.0,165.0,165.0,COMPLETED
ORD-11929,2026-04-08,00039,PROD_003,,Retail / Tiendas,1,750.0,,750.0,750.0,COMPLETED
ORD-11933,2026-04-08,00024,PROD_001,,Retail / Tiendas,2,4500.0,450.0,9000.0,8550.0,COMPLETED
ORD-11934,2026-04-08,00077,PROD_007,,Mayorista / B2B,11,120.0,0.0,1320.0,1320.0,COMPLETED
ORD-11935,2026-04-08,00006,PROD_002,,Online / Directo,3,2100.0,630.0,6300.0,5670.0,COMPLETED
ORD-11936,2026-04-08,00067,PROD_008,,Online / Directo,1,1400.0,210.0,1400.0,1190.0,COMPLETED
ORD-11939,2026-04-09,00007,PROD_001,,Retail / Tiendas,1,4500.0,0.0,4500.0,4500.0,COMPLETED
ORD-11940,2026-04-09,00067,PROD_002,,Online / Directo,3,2100.0,315.0,6300.0,5985.0,COMPLETED
ORD-11941,2026-04-09,00066,PROD_002,,Retail / Tiendas,2,2100.0,420.0,4200.0,3780.0,COMPLETED
ORD-11942,2026-04-09,00019,PROD_003,,Retail / Tiendas,1,750.0,0.0,750.0,750.0,COMPLETED
ORD-11944,2026-04-09,00028,PROD_008,,Online / Directo,3,1400.0,630.0,4200.0,3570.0,REFUNDED
ORD-11945,2026-04-09,00039,PROD_004,,Retail / Tiendas,3,380.0,114.0,1140.0,1026.0,COMPLETED
ORD-11950,2026-04-09,00050,PROD_002,,Retail / Tiendas,1,2100.0,0.0,2100.0,2100.0,COMPLETED
ORD-11951,2026-04-09,00058,PROD_003,,Retail / Tiendas,1,750.0,0.0,750.0,750.0,CANCELLED
ORD-11952,2026-04-09,00079,PROD_006,,Mayorista / B2B,13,55.0,0.0,715.0,715.0,COMPLETED
ORD-11953,2026-04-09,00028,PROD_008,,Retail / Tiendas,2,1400.0,0.0,2800.0,2800.0,COMPLETED
ORD-11954,2026-04-09,00075,PROD_007,,Retail / Tiendas,3,120.0,54.0,360.0,306.0,COMPLETED
ORD-11955,2026-04-09,00058,PROD_008,,Online / Directo,3,1400.0,210.0,4200.0,3990.0,COMPLETED
ORD-11956,2026-04-09,00076,PROD_003,,Retail / Tiendas,3,750.0,337.5,2250.0,1912.5,COMPLETED
ORD-11957,2026-04-09,00078,PROD_002,,Online / Directo,2,2100.0,0.0,4200.0,4200.0,CANCELLED
ORD-11958,2026-04-09,00044,PROD_003,,Mayorista / B2B,16,750.0,1800.0,12000.0,10200.0,COMPLETED
ORD-11959,2026-04-10,00004,PROD_005,,Retail / Tiendas,3,650.0,0.0,1950.0,1950.0,COMPLETED
ORD-11962,2026-04-10,00021,PROD_003,,Online / Directo,2,750.0,0.0,1500.0,1500.0,COMPLETED
ORD-11963,2026-04-10,00059,PROD_002,,Online / Directo,1,2100.0,315.0,2100.0,1785.0,COMPLETED
ORD-11964,2026-04-10,00021,PROD_004,,Online / Directo,2,380.0,0.0,760.0,760.0,COMPLETED
ORD-11965,2026-04-10,00026,PROD_007,,Retail / Tiendas,3,120.0,,360.0,360.0,COMPLETED
ORD-11966,2026-04-10,00047,PROD_008,,Online / Directo,2,1400.0,140.0,2800.0,2660.0,COMPLETED
ORD-11967,2026-04-10,00068,PROD_004,,Online / Directo,1,380.0,38.0,380.0,342.0,COMPLETED
ORD-11968,2026-04-10,00029,PROD_005,,Retail / Tiendas,3,650.0,0.0,1950.0,1950.0,COMPLETED
ORD-11971,2026-04-10,00028,PROD_008,,Retail / Tiendas,1,1400.0,0.0,1400.0,1400.0,COMPLETED
ORD-11972,2026-04-10,00029,PROD_004,,Online / Directo,1,380.0,0.0,380.0,380.0,COMPLETED
ORD-11973,2026-04-10,00068,PROD_006,,Mayorista / B2B,14,55.0,0.0,770.0,770.0,COMPLETED
ORD-11975,2026-04-10,00014,PROD_007,,Online / Directo,3,120.0,54.0,360.0,306.0,COMPLETED
ORD-11976,2026-04-10,00058,PROD_004,,Retail / Tiendas,1,380.0,0.0,380.0,380.0,COMPLETED
ORD-11977,2026-04-10,00034,PROD_003,,Retail / Tiendas,3,750.0,112.5,2250.0,2137.5,COMPLETED
ORD-11978,2026-04-10,00029,PROD_008,,Retail / Tiendas,3,1400.0,0.0,4200.0,4200.0,COMPLETED
ORD-11979,2026-04-11,00078,PROD_002,,Retail / Tiendas,2,2100.0,0.0,4200.0,4200.0,CANCELLED
ORD-11980,2026-04-11,00052,PROD_003,,Mayorista / B2B,9,750.0,675.0,6750.0,6075.0,COMPLETED
ORD-11981,2026-04-11,00002,PROD_007,,Retail / Tiendas,3,120.0,0.0,360.0,360.0,CANCELLED
ORD-11982,2026-04-11,00030,PROD_005,,Mayorista / B2B,13,650.0,0.0,8450.0,8450.0,COMPLETED
ORD-11983,2026-04-11,00018,PROD_003,,Retail / Tiendas,2,750.0,0.0,1500.0,1500.0,COMPLETED
ORD-11984,2026-04-11,00046,PROD_008,,Mayorista / B2B,9,1400.0,1260.0,12600.0,11340.0,COMPLETED
ORD-11986,2026-04-11,00035,PROD_001,,Online / Directo,2,4500.0,0.0,9000.0,9000.0,COMPLETED
ORD-11987,2026-04-11,00043,PROD_002,,Mayorista / B2B,9,2100.0,945.0,18900.0,17955.0,COMPLETED
ORD-11989,2026-04-11,00028,PROD_008,,Online / Directo,3,1400.0,0.0,4200.0,4200.0,COMPLETED
ORD-11990,2026-04-11,00050,PROD_006,,Mayorista / B2B,5,55.0,0.0,275.0,275.0,COMPLETED
ORD-11991,2026-04-11,00053,PROD_001,,Retail / Tiendas,2,4500.0,1350.0,9000.0,7650.0,COMPLETED
ORD-11993,2026-04-11,00007,PROD_005,,Retail / Tiendas,1,650.0,32.5,650.0,617.5,COMPLETED
ORD-11994,2026-04-12,00050,PROD_005,,Online / Directo,1,650.0,0.0,650.0,650.0,COMPLETED
ORD-11995,2026-04-12,00024,PROD_006,,Online / Directo,2,55.0,0.0,110.0,110.0,COMPLETED
ORD-11996,2026-04-12,00027,PROD_001,,Retail / Tiendas,1,4500.0,225.0,4500.0,4275.0,COMPLETED
ORD-11997,2026-04-12,00066,PROD_007,,Retail / Tiendas,3,120.0,36.0,360.0,324.0,CANCELLED
ORD-11998,2026-04-12,00066,PROD_002,,Online / Directo,3,2100.0,,6300.0,5670.0,COMPLETED
ORD-11999,2026-04-12,00009,PROD_002,,Retail / Tiendas,3,2100.0,0.0,6300.0,6300.0,COMPLETED
ORD-12004,2026-04-12,00018,PROD_007,,Retail / Tiendas,2,120.0,0.0,240.0,240.0,COMPLETED
ORD-12005,2026-04-12,00066,PROD_004,,Mayorista / B2B,18,380.0,,6840.0,6840.0,COMPLETED
ORD-12006,2026-04-12,00060,PROD_001,,Online / Directo,1,4500.0,225.0,4500.0,4275.0,COMPLETED
ORD-12008,2026-04-12,00076,PROD_003,,Mayorista / B2B,19,750.0,0.0,14250.0,14250.0,COMPLETED
ORD-12009,2026-04-13,00048,PROD_003,,Retail / Tiendas,1,750.0,112.5,750.0,637.5,COMPLETED
ORD-12011,2026-04-13,00040,PROD_003,,Mayorista / B2B,6,750.0,225.0,4500.0,4275.0,COMPLETED
ORD-12013,2026-04-13,00013,PROD_005,,Online / Directo,1,650.0,,650.0,650.0,COMPLETED
ORD-12015,2026-04-13,00038,PROD_007,,Retail / Tiendas,3,120.0,0.0,360.0,360.0,COMPLETED
ORD-12017,2026-04-13,00006,PROD_004,,Mayorista / B2B,12,380.0,0.0,4560.0,4560.0,COMPLETED
ORD-12018,2026-04-13,00078,PROD_006,,Mayorista / B2B,21,55.0,57.75,1155.0,1097.25,COMPLETED
ORD-12019,2026-04-13,00003,PROD_007,,Retail / Tiendas,3,120.0,0.0,360.0,360.0,CANCELLED
ORD-12021,2026-04-13,00029,PROD_005,,Retail / Tiendas,2,650.0,,1300.0,1300.0,COMPLETED
ORD-12022,2026-04-13,00065,PROD_006,,Online / Directo,3,55.0,0.0,165.0,165.0,COMPLETED
ORD-12023,2026-04-13,00069,PROD_006,,Retail / Tiendas,1,55.0,2.75,55.0,52.25,COMPLETED
ORD-12024,2026-04-13,00015,PROD_002,,Mayorista / B2B,14,2100.0,0.0,29400.0,29400.0,CANCELLED
ORD-12028,2026-04-14,00040,PROD_003,,Retail / Tiendas,1,750.0,0.0,750.0,750.0,COMPLETED
ORD-12031,2026-04-14,00013,PROD_008,,Retail / Tiendas,3,1400.0,0.0,4200.0,4200.0,COMPLETED
ORD-12032,2026-04-14,00051,PROD_003,,Online / Directo,1,750.0,75.0,750.0,675.0,CANCELLED
ORD-12034,2026-04-14,00042,PROD_008,,Retail / Tiendas,3,1400.0,0.0,4200.0,4200.0,COMPLETED
ORD-12035,2026-04-14,00032,PROD_001,,Retail / Tiendas,2,4500.0,1350.0,9000.0,7650.0,COMPLETED
ORD-12036,2026-04-14,00035,PROD_003,,Retail / Tiendas,2,750.0,150.0,1500.0,1350.0,COMPLETED
ORD-12038,2026-04-14,00074,PROD_003,,Mayorista / B2B,20,750.0,1500.0,15000.0,13500.0,COMPLETED
ORD-12039,2026-04-14,00007,PROD_007,,Retail / Tiendas,2,120.0,,240.0,228.0,COMPLETED
ORD-12044,2026-04-14,00059,PROD_003,,Online / Directo,3,750.0,112.5,2250.0,2137.5,COMPLETED
ORD-12046,2026-04-14,00076,PROD_003,,Retail / Tiendas,2,750.0,150.0,1500.0,1350.0,COMPLETED
ORD-12047,2026-04-14,00042,PROD_007,,Retail / Tiendas,1,120.0,6.0,120.0,114.0,COMPLETED
ORD-12049,2026-04-14,00005,PROD_005,,Retail / Tiendas,3,650.0,0.0,1950.0,1950.0,COMPLETED
ORD-12050,2026-04-14,00030,PROD_003,,Retail / Tiendas,1,750.0,0.0,750.0,750.0,COMPLETED
ORD-12052,2026-04-15,00069,PROD_003,,Retail / Tiendas,2,750.0,,1500.0,1425.0,COMPLETED
ORD-12054,2026-04-15,00015,PROD_004,,Mayorista / B2B,17,380.0,0.0,6460.0,6460.0,COMPLETED
ORD-12055,2026-04-15,00037,PROD_008,,Retail / Tiendas,1,1400.0,,1400.0,1330.0,COMPLETED
ORD-12056,2026-04-15,00021,PROD_006,,Retail / Tiendas,1,55.0,0.0,55.0,55.0,REFUNDED
ORD-12057,2026-04-15,00007,PROD_008,,Online / Directo,1,1400.0,140.0,1400.0,1260.0,CANCELLED
ORD-12058,2026-04-15,00054,PROD_008,,Retail / Tiendas,1,1400.0,0.0,1400.0,1400.0,COMPLETED
ORD-12060,2026-04-15,00020,PROD_003,,Retail / Tiendas,2,750.0,75.0,1500.0,1425.0,COMPLETED
ORD-12061,2026-04-15,00044,PROD_004,,Online / Directo,2,380.0,,760.0,722.0,COMPLETED
ORD-12062,2026-04-15,00050,PROD_007,,Retail / Tiendas,2,120.0,12.0,240.0,228.0,COMPLETED
ORD-12063,2026-04-15,00002,PROD_006,,Retail / Tiendas,1,55.0,2.75,55.0,52.25,COMPLETED
ORD-12064,2026-04-15,00006,PROD_007,,Retail / Tiendas,1,120.0,0.0,120.0,120.0,COMPLETED
ORD-12066,2026-04-15,00038,PROD_001,,Mayorista / B2B,23,4500.0,5175.0,103500.0,98325.0,COMPLETED
ORD-12067,2026-04-15,00031,PROD_008,,Mayorista / B2B,7,1400.0,490.0,9800.0,9310.0,COMPLETED
ORD-12068,2026-04-15,00015,PROD_005,,Retail / Tiendas,1,650.0,0.0,650.0,650.0,COMPLETED
ORD-12070,2026-04-15,00080,PROD_006,,Retail / Tiendas,2,55.0,5.5,110.0,104.5,COMPLETED
ORD-12071,2026-04-15,00026,PROD_005,,Retail / Tiendas,3,650.0,97.5,1950.0,1852.5,COMPLETED
ORD-12073,2026-04-15,00056,PROD_007,,Retail / Tiendas,3,120.0,36.0,360.0,324.0,COMPLETED
ORD-12074,2026-04-15,00063,PROD_001,,Retail / Tiendas,3,4500.0,1350.0,13500.0,12150.0,COMPLETED
ORD-12075,2026-04-16,00034,PROD_003,,Mayorista / B2B,21,750.0,1575.0,15750.0,14175.0,COMPLETED
ORD-12077,2026-04-16,00076,PROD_004,,Mayorista / B2B,10,380.0,380.0,3800.0,3420.0,COMPLETED
ORD-12081,2026-04-16,00030,PROD_002,,Online / Directo,2,2100.0,420.0,4200.0,3780.0,COMPLETED
ORD-12082,2026-04-16,00020,PROD_001,,Online / Directo,3,4500.0,0.0,13500.0,13500.0,COMPLETED
ORD-12083,2026-04-16,00043,PROD_003,,Retail / Tiendas,1,750.0,37.5,750.0,712.5,COMPLETED
ORD-12084,2026-04-16,00012,PROD_006,,Mayorista / B2B,18,55.0,49.5,990.0,940.5,COMPLETED
ORD-12085,2026-04-16,00057,PROD_006,,Online / Directo,3,55.0,24.75,165.0,140.25,COMPLETED
ORD-12086,2026-04-16,00003,PROD_003,,Online / Directo,1,750.0,75.0,750.0,675.0,COMPLETED
ORD-12087,2026-04-16,00055,PROD_003,,Online / Directo,2,750.0,75.0,1500.0,1425.0,COMPLETED
ORD-12088,2026-04-16,00027,PROD_005,,Mayorista / B2B,13,650.0,422.5,8450.0,8027.5,COMPLETED
ORD-12089,2026-04-16,00042,PROD_008,,Retail / Tiendas,2,1400.0,280.0,2800.0,2520.0,COMPLETED
ORD-12090,2026-04-17,00048,PROD_006,,Online / Directo,1,55.0,,55.0,49.5,COMPLETED
ORD-12091,2026-04-17,00071,PROD_002,,Retail / Tiendas,1,2100.0,0.0,2100.0,2100.0,COMPLETED
ORD-12092,2026-04-17,00076,PROD_003,,Retail / Tiendas,3,750.0,337.5,2250.0,1912.5,COMPLETED
ORD-12093,2026-04-17,00071,PROD_008,,Mayorista / B2B,20,1400.0,0.0,28000.0,28000.0,COMPLETED
ORD-12097,2026-04-17,00071,PROD_001,,Mayorista / B2B,5,4500.0,1125.0,22500.0,21375.0,COMPLETED
ORD-12098,2026-04-17,00058,PROD_001,,Retail / Tiendas,1,4500.0,450.0,4500.0,4050.0,COMPLETED
ORD-12099,2026-04-17,00079,PROD_001,,Retail / Tiendas,1,4500.0,450.0,4500.0,4050.0,COMPLETED
ORD-12100,2026-04-17,00026,PROD_001,,Mayorista / B2B,18,4500.0,0.0,81000.0,81000.0,COMPLETED
ORD-12101,2026-04-17,00050,PROD_002,,Retail / Tiendas,1,2100.0,0.0,2100.0,2100.0,COMPLETED
ORD-12103,2026-04-17,00072,PROD_003,,Retail / Tiendas,2,750.0,0.0,1500.0,1500.0,COMPLETED
ORD-12106,2026-04-17,00019,PROD_004,,Retail / Tiendas,2,380.0,0.0,760.0,760.0,COMPLETED
ORD-12107,2026-04-17,00029,PROD_004,,Online / Directo,3,380.0,171.0,1140.0,969.0,COMPLETED
ORD-12109,2026-04-18,00001,PROD_007,,Retail / Tiendas,3,120.0,54.0,360.0,306.0,COMPLETED
ORD-12111,2026-04-18,00048,PROD_003,,Mayorista / B2B,23,750.0,862.5,17250.0,16387.5,COMPLETED
ORD-12112,2026-04-18,00036,PROD_007,,Retail / Tiendas,1,120.0,0.0,120.0,120.0,COMPLETED
ORD-12115,2026-04-18,00012,PROD_004,,Online / Directo,1,380.0,0.0,380.0,380.0,COMPLETED
ORD-12116,2026-04-18,00036,PROD_002,,Retail / Tiendas,2,2100.0,0.0,4200.0,4200.0,COMPLETED
ORD-12117,2026-04-18,00053,PROD_007,,Retail / Tiendas,2,120.0,36.0,240.0,204.0,COMPLETED
ORD-12118,2026-04-18,00058,PROD_008,,Online / Directo,1,1400.0,140.0,1400.0,1260.0,COMPLETED
ORD-12120,2026-04-18,00007,PROD_005,,Retail / Tiendas,3,650.0,0.0,1950.0,1950.0,COMPLETED
ORD-12121,2026-04-18,00030,PROD_001,,Online / Directo,3,4500.0,0.0,13500.0,13500.0,COMPLETED
ORD-12123,2026-04-18,00035,PROD_004,,Retail / Tiendas,1,380.0,57.0,380.0,323.0,COMPLETED
ORD-12125,2026-04-18,00075,PROD_005,,Retail / Tiendas,3,650.0,0.0,1950.0,1950.0,COMPLETED
ORD-12127,2026-04-18,00029,PROD_007,,Retail / Tiendas,1,120.0,6.0,120.0,114.0,COMPLETED
ORD-12128,2026-04-18,00022,PROD_003,,Retail / Tiendas,2,750.0,75.0,1500.0,1425.0,COMPLETED
ORD-12129,2026-04-18,00061,PROD_004,,Retail / Tiendas,1,380.0,0.0,380.0,380.0,COMPLETED
ORD-12130,2026-04-19,00076,PROD_007,,Online / Directo,3,120.0,18.0,360.0,342.0,COMPLETED
ORD-12133,2026-04-19,00063,PROD_008,,Online / Directo,2,1400.0,0.0,2800.0,2800.0,COMPLETED
ORD-12134,2026-04-19,00056,PROD_007,,Online / Directo,3,120.0,54.0,360.0,306.0,COMPLETED
ORD-12135,2026-04-19,00023,PROD_007,,Retail / Tiendas,3,120.0,18.0,360.0,342.0,COMPLETED
ORD-12136,2026-04-19,00063,PROD_006,,Retail / Tiendas,2,55.0,0.0,110.0,110.0,COMPLETED
ORD-12137,2026-04-19,00005,PROD_007,,Online / Directo,1,120.0,18.0,120.0,102.0,COMPLETED
ORD-12138,2026-04-19,00035,PROD_008,,Online / Directo,2,1400.0,140.0,2800.0,2660.0,COMPLETED
ORD-12141,2026-04-19,00052,PROD_007,,Online / Directo,3,120.0,54.0,360.0,306.0,COMPLETED
ORD-12142,2026-04-19,00046,PROD_004,,Mayorista / B2B,20,380.0,0.0,7600.0,7600.0,COMPLETED
ORD-12144,2026-04-19,00048,PROD_008,,Online / Directo,3,1400.0,0.0,4200.0,4200.0,COMPLETED
ORD-12146,2026-04-20,00007,PROD_008,,Online / Directo,3,1400.0,630.0,4200.0,3570.0,COMPLETED
ORD-12147,2026-04-20,00052,PROD_002,,Mayorista / B2B,8,2100.0,0.0,16800.0,16800.0,COMPLETED
ORD-12148,2026-04-20,00022,PROD_006,,Online / Directo,1,55.0,0.0,55.0,55.0,COMPLETED
ORD-12150,2026-04-20,00011,PROD_003,,Retail / Tiendas,1,750.0,37.5,750.0,712.5,REFUNDED
ORD-12151,2026-04-20,00075,PROD_005,,Retail / Tiendas,1,650.0,32.5,650.0,617.5,COMPLETED
ORD-12153,2026-04-20,00014,PROD_006,,Retail / Tiendas,3,55.0,0.0,165.0,165.0,COMPLETED
ORD-12154,2026-04-20,00070,PROD_008,,Retail / Tiendas,3,1400.0,0.0,4200.0,4200.0,COMPLETED
ORD-12155,2026-04-20,00010,PROD_002,,Online / Directo,2,2100.0,0.0,4200.0,4200.0,COMPLETED
ORD-12157,2026-04-20,00058,PROD_001,,Online / Directo,2,4500.0,0.0,9000.0,9000.0,COMPLETED
ORD-12160,2026-04-20,00029,PROD_006,,Online / Directo,3,55.0,0.0,165.0,165.0,COMPLETED
ORD-12161,2026-04-21,00077,PROD_006,,Mayorista / B2B,18,55.0,0.0,990.0,990.0,COMPLETED
ORD-12165,2026-04-21,00074,PROD_007,,Online / Directo,3,120.0,0.0,360.0,360.0,COMPLETED
ORD-12166,2026-04-21,00024,PROD_006,,Online / Directo,3,55.0,,165.0,165.0,COMPLETED
ORD-12168,2026-04-21,00023,PROD_006,,Retail / Tiendas,2,55.0,5.5,110.0,104.5,COMPLETED
ORD-12169,2026-04-21,00012,PROD_004,,Online / Directo,1,380.0,0.0,380.0,380.0,CANCELLED
ORD-12170,2026-04-21,00029,PROD_003,,Online / Directo,1,750.0,0.0,750.0,750.0,COMPLETED
ORD-12171,2026-04-21,00062,PROD_001,,Retail / Tiendas,1,4500.0,0.0,4500.0,4500.0,COMPLETED
ORD-12173,2026-04-21,00054,PROD_004,,Retail / Tiendas,1,380.0,0.0,380.0,380.0,COMPLETED
ORD-12174,2026-04-21,00024,PROD_005,,Retail / Tiendas,2,650.0,0.0,1300.0,1300.0,COMPLETED
ORD-12175,2026-04-21,00021,PROD_005,,Online / Directo,3,650.0,97.5,1950.0,1852.5,COMPLETED
ORD-12177,2026-04-22,00037,PROD_006,,Retail / Tiendas,3,55.0,8.25,165.0,156.75,COMPLETED
ORD-12178,2026-04-22,00065,PROD_003,,Online / Directo,1,750.0,0.0,750.0,750.0,COMPLETED
ORD-12180,2026-04-22,00066,PROD_002,,Online / Directo,2,2100.0,420.0,4200.0,3780.0,COMPLETED
ORD-12181,2026-04-22,00058,PROD_007,,Mayorista / B2B,6,120.0,72.0,720.0,648.0,COMPLETED
ORD-12184,2026-04-22,00023,PROD_003,,Online / Directo,2,750.0,150.0,1500.0,1350.0,CANCELLED
ORD-12185,2026-04-22,00019,PROD_006,,Online / Directo,3,55.0,16.5,165.0,148.5,COMPLETED
ORD-12189,2026-04-22,00073,PROD_006,,Retail / Tiendas,2,55.0,16.5,110.0,93.5,COMPLETED
ORD-12190,2026-04-22,00026,PROD_004,,Retail / Tiendas,3,380.0,171.0,1140.0,969.0,COMPLETED
ORD-12191,2026-04-22,00074,PROD_002,,Retail / Tiendas,2,2100.0,0.0,4200.0,4200.0,COMPLETED
ORD-12192,2026-04-22,00005,PROD_007,,Retail / Tiendas,1,120.0,0.0,120.0,120.0,COMPLETED
ORD-12193,2026-04-22,00029,PROD_004,,Online / Directo,2,380.0,0.0,760.0,760.0,COMPLETED
ORD-12194,2026-04-22,00034,PROD_008,,Retail / Tiendas,1,1400.0,0.0,1400.0,1400.0,COMPLETED
ORD-12195,2026-04-22,00018,PROD_006,,Mayorista / B2B,18,55.0,0.0,990.0,990.0,COMPLETED
ORD-12196,2026-04-22,00004,PROD_004,,Online / Directo,3,380.0,0.0,1140.0,1140.0,COMPLETED
ORD-12198,2026-04-22,00044,PROD_003,,Mayorista / B2B,19,750.0,0.0,14250.0,14250.0,COMPLETED
ORD-12199,2026-04-23,00023,PROD_005,,Retail / Tiendas,3,650.0,97.5,1950.0,1852.5,COMPLETED
ORD-12201,2026-04-23,00078,PROD_008,,Retail / Tiendas,3,1400.0,0.0,4200.0,4200.0,COMPLETED
ORD-12202,2026-04-23,00074,PROD_007,,Online / Directo,3,120.0,18.0,360.0,342.0,CANCELLED
ORD-12203,2026-04-23,00017,PROD_003,,Retail / Tiendas,1,750.0,75.0,750.0,675.0,CANCELLED
ORD-12204,2026-04-23,00035,PROD_002,,Retail / Tiendas,1,2100.0,315.0,2100.0,1785.0,COMPLETED
ORD-12205,2026-04-23,00059,PROD_001,,Retail / Tiendas,1,4500.0,225.0,4500.0,4275.0,COMPLETED
ORD-12206,2026-04-23,00021,PROD_003,,Retail / Tiendas,1,750.0,0.0,750.0,750.0,COMPLETED
ORD-12207,2026-04-23,00006,PROD_003,,Online / Directo,1,750.0,75.0,750.0,675.0,COMPLETED
ORD-12210,2026-04-23,00014,PROD_003,,Retail / Tiendas,3,750.0,0.0,2250.0,2250.0,REFUNDED
ORD-12211,2026-04-23,00040,PROD_008,,Online / Directo,2,1400.0,0.0,2800.0,2800.0,COMPLETED
ORD-12215,2026-04-23,00073,PROD_005,,Retail / Tiendas,1,650.0,0.0,650.0,650.0,COMPLETED
ORD-12218,2026-04-23,00059,PROD_002,,Retail / Tiendas,3,2100.0,0.0,6300.0,6300.0,COMPLETED
ORD-12219,2026-04-23,00054,PROD_005,,Retail / Tiendas,1,650.0,0.0,650.0,650.0,COMPLETED
ORD-12221,2026-04-23,00041,PROD_008,,Retail / Tiendas,2,1400.0,140.0,2800.0,2660.0,COMPLETED
ORD-12225,2026-04-24,00080,PROD_002,,Retail / Tiendas,1,2100.0,0.0,2100.0,2100.0,COMPLETED
ORD-12228,2026-04-24,00029,PROD_004,,Retail / Tiendas,3,380.0,0.0,1140.0,1140.0,COMPLETED
ORD-12231,2026-04-24,00071,PROD_008,,Retail / Tiendas,3,1400.0,0.0,4200.0,4200.0,COMPLETED
ORD-12233,2026-04-24,00030,PROD_008,,Online / Directo,2,1400.0,0.0,2800.0,2800.0,COMPLETED
ORD-12234,2026-04-24,00001,PROD_003,,Mayorista / B2B,12,750.0,0.0,9000.0,9000.0,COMPLETED
ORD-12238,2026-04-25,00053,PROD_001,,Mayorista / B2B,24,4500.0,5400.0,108000.0,102600.0,COMPLETED
ORD-12239,2026-04-25,00037,PROD_007,,Online / Directo,3,120.0,18.0,360.0,342.0,COMPLETED
ORD-12240,2026-04-25,00080,PROD_003,,Retail / Tiendas,2,750.0,75.0,1500.0,1425.0,COMPLETED
ORD-12241,2026-04-25,00067,PROD_006,,Online / Directo,2,55.0,11.0,110.0,99.0,COMPLETED
ORD-12242,2026-04-25,00055,PROD_007,,Retail / Tiendas,1,120.0,18.0,120.0,102.0,COMPLETED
ORD-12243,2026-04-25,00069,PROD_006,,Online / Directo,1,55.0,0.0,55.0,55.0,COMPLETED
ORD-12246,2026-04-25,00053,PROD_007,,Retail / Tiendas,3,120.0,36.0,360.0,324.0,COMPLETED
ORD-12247,2026-04-25,00015,PROD_003,,Retail / Tiendas,1,750.0,0.0,750.0,750.0,COMPLETED
ORD-12248,2026-04-25,00021,PROD_004,,Retail / Tiendas,1,380.0,38.0,380.0,342.0,COMPLETED
ORD-12250,2026-04-25,00013,PROD_006,,Retail / Tiendas,1,55.0,2.75,55.0,52.25,COMPLETED
ORD-12251,2026-04-25,00075,PROD_004,,Online / Directo,1,380.0,38.0,380.0,342.0,COMPLETED
ORD-12252,2026-04-25,00072,PROD_001,,Online / Directo,1,4500.0,675.0,4500.0,3825.0,COMPLETED
ORD-12254,2026-04-25,00035,PROD_002,,Retail / Tiendas,2,2100.0,210.0,4200.0,3990.0,COMPLETED
ORD-12255,2026-04-25,00013,PROD_004,,Retail / Tiendas,2,380.0,0.0,760.0,760.0,COMPLETED
ORD-12256,2026-04-25,00057,PROD_001,,Retail / Tiendas,1,4500.0,450.0,4500.0,4050.0,COMPLETED
ORD-12257,2026-04-25,00024,PROD_003,,Mayorista / B2B,21,750.0,787.5,15750.0,14962.5,COMPLETED
ORD-12259,2026-04-26,00006,PROD_004,,Online / Directo,1,380.0,0.0,380.0,380.0,COMPLETED
ORD-12261,2026-04-26,00068,PROD_002,,Online / Directo,3,2100.0,945.0,6300.0,5355.0,COMPLETED
ORD-12263,2026-04-26,00055,PROD_003,,Online / Directo,3,750.0,0.0,2250.0,2250.0,COMPLETED
ORD-12264,2026-04-26,00066,PROD_001,,Retail / Tiendas,3,4500.0,0.0,13500.0,13500.0,COMPLETED
ORD-12265,2026-04-26,00021,PROD_003,,Retail / Tiendas,2,750.0,,1500.0,1425.0,COMPLETED
ORD-12266,2026-04-26,00071,PROD_008,,Retail / Tiendas,2,1400.0,0.0,2800.0,2800.0,COMPLETED
ORD-12267,2026-04-26,00018,PROD_008,,Mayorista / B2B,17,1400.0,1190.0,23800.0,22610.0,COMPLETED
ORD-12270,2026-04-26,00036,PROD_002,,Mayorista / B2B,22,2100.0,0.0,46200.0,46200.0,COMPLETED
ORD-12271,2026-04-26,00018,PROD_004,,Retail / Tiendas,2,380.0,0.0,760.0,760.0,COMPLETED
ORD-12272,2026-04-26,00026,PROD_006,,Mayorista / B2B,19,55.0,156.75,1045.0,888.25,CANCELLED
ORD-12273,2026-04-26,00027,PROD_007,,Online / Directo,3,120.0,0.0,360.0,360.0,COMPLETED
ORD-12274,2026-04-27,00066,PROD_008,,Online / Directo,3,1400.0,210.0,4200.0,3990.0,COMPLETED
ORD-12275,2026-04-27,00067,PROD_004,,Retail / Tiendas,2,380.0,0.0,760.0,760.0,COMPLETED
ORD-12276,2026-04-27,00074,PROD_005,,Online / Directo,1,650.0,,650.0,617.5,COMPLETED
ORD-12277,2026-04-27,00052,PROD_002,,Retail / Tiendas,2,2100.0,0.0,4200.0,4200.0,COMPLETED
ORD-12279,2026-04-27,00008,PROD_003,,Online / Directo,2,750.0,75.0,1500.0,1425.0,COMPLETED
ORD-12281,2026-04-27,00061,PROD_004,,Retail / Tiendas,3,380.0,57.0,1140.0,1083.0,COMPLETED
ORD-12282,2026-04-27,00069,PROD_004,,Online / Directo,2,380.0,0.0,760.0,760.0,COMPLETED
ORD-12283,2026-04-27,00042,PROD_001,,Retail / Tiendas,1,4500.0,0.0,4500.0,4500.0,COMPLETED
ORD-12288,2026-04-27,00077,PROD_003,,Mayorista / B2B,8,750.0,600.0,6000.0,5400.0,COMPLETED
ORD-12289,2026-04-27,00068,PROD_008,,Online / Directo,3,1400.0,0.0,4200.0,4200.0,CANCELLED
ORD-12291,2026-04-27,00036,PROD_008,,Retail / Tiendas,1,1400.0,0.0,1400.0,1400.0,COMPLETED
ORD-12295,2026-04-27,00030,PROD_003,,Online / Directo,2,750.0,150.0,1500.0,1350.0,COMPLETED
ORD-12296,2026-04-27,00045,PROD_004,,Retail / Tiendas,3,380.0,57.0,1140.0,1083.0,COMPLETED
ORD-12297,2026-04-27,00059,PROD_004,,Mayorista / B2B,17,380.0,323.0,6460.0,6137.0,REFUNDED
ORD-12299,2026-04-28,00011,PROD_001,,Retail / Tiendas,1,4500.0,0.0,4500.0,4500.0,COMPLETED
ORD-12300,2026-04-28,00010,PROD_002,,Mayorista / B2B,24,2100.0,5040.0,50400.0,45360.0,COMPLETED
ORD-12301,2026-04-28,00024,PROD_004,,Online / Directo,2,380.0,0.0,760.0,760.0,COMPLETED
ORD-12303,2026-04-28,00008,PROD_002,,Online / Directo,3,2100.0,0.0,6300.0,6300.0,COMPLETED
ORD-12305,2026-04-28,00033,PROD_007,,Retail / Tiendas,3,120.0,0.0,360.0,360.0,COMPLETED
ORD-12307,2026-04-28,00038,PROD_005,,Mayorista / B2B,17,650.0,1105.0,11050.0,9945.0,COMPLETED
ORD-12308,2026-04-28,00059,PROD_002,,Retail / Tiendas,1,2100.0,105.0,2100.0,1995.0,COMPLETED
ORD-12309,2026-04-28,00005,PROD_002,,Retail / Tiendas,3,2100.0,0.0,6300.0,6300.0,COMPLETED
ORD-12310,2026-04-28,00019,PROD_006,,Retail / Tiendas,2,55.0,0.0,110.0,110.0,CANCELLED
ORD-12312,2026-04-28,00050,PROD_007,,Retail / Tiendas,3,120.0,0.0,360.0,360.0,COMPLETED
ORD-12314,2026-04-28,00046,PROD_005,,Retail / Tiendas,2,650.0,65.0,1300.0,1235.0,COMPLETED
ORD-12315,2026-04-28,00001,PROD_005,,Online / Directo,2,650.0,0.0,1300.0,1300.0,COMPLETED
ORD-12320,2026-04-28,00069,PROD_001,,Online / Directo,1,4500.0,225.0,4500.0,4275.0,COMPLETED
ORD-12322,2026-04-29,00062,PROD_003,,Retail / Tiendas,2,750.0,,1500.0,1500.0,COMPLETED
ORD-12324,2026-04-29,00007,PROD_001,,Retail / Tiendas,2,4500.0,0.0,9000.0,9000.0,COMPLETED
ORD-12325,2026-04-29,00007,PROD_006,,Retail / Tiendas,1,55.0,0.0,55.0,55.0,COMPLETED
ORD-12326,2026-04-29,00053,PROD_001,,Retail / Tiendas,3,4500.0,675.0,13500.0,12825.0,COMPLETED
ORD-12328,2026-04-29,00055,PROD_008,,Retail / Tiendas,2,1400.0,,2800.0,2800.0,COMPLETED
ORD-12329,2026-04-29,00047,PROD_007,,Retail / Tiendas,3,120.0,18.0,360.0,342.0,COMPLETED
ORD-12331,2026-04-29,00044,PROD_008,,Retail / Tiendas,2,1400.0,280.0,2800.0,2520.0,COMPLETED
ORD-12333,2026-04-29,00036,PROD_001,,Online / Directo,3,4500.0,,13500.0,13500.0,COMPLETED
ORD-12334,2026-04-29,00070,PROD_005,,Online / Directo,2,650.0,130.0,1300.0,1170.0,COMPLETED
ORD-12335,2026-04-29,00079,PROD_005,,Retail / Tiendas,3,650.0,97.5,1950.0,1852.5,COMPLETED
ORD-12336,2026-04-29,00036,PROD_004,,Online / Directo,3,380.0,,1140.0,1026.0,COMPLETED
ORD-12337,2026-04-30,00049,PROD_003,,Online / Directo,1,750.0,0.0,750.0,750.0,COMPLETED
ORD-12340,2026-04-30,00013,PROD_003,,Online / Directo,2,750.0,0.0,1500.0,1500.0,COMPLETED
ORD-12341,2026-04-30,00002,PROD_003,,Mayorista / B2B,18,750.0,0.0,13500.0,13500.0,COMPLETED
ORD-12342,2026-04-30,00026,PROD_003,,Retail / Tiendas,2,750.0,0.0,1500.0,1500.0,COMPLETED
ORD-12343,2026-04-30,00030,PROD_006,,Online / Directo,3,55.0,0.0,165.0,165.0,COMPLETED
ORD-12345,2026-04-30,00050,PROD_006,,Retail / Tiendas,1,55.0,0.0,55.0,55.0,COMPLETED
ORD-12347,2026-04-30,00014,PROD_001,,Online / Directo,1,4500.0,675.0,4500.0,3825.0,COMPLETED
ORD-12348,2026-04-30,00016,PROD_003,,Mayorista / B2B,23,750.0,862.5,17250.0,16387.5,COMPLETED
ORD-12350,2026-04-30,00048,PROD_007,,Retail / Tiendas,1,120.0,0.0,120.0,120.0,CANCELLED
ORD-12351,2026-04-30,00056,PROD_002,,Mayorista / B2B,12,2100.0,3780.0,25200.0,21420.0,COMPLETED
ORD-12352,2026-04-30,00073,PROD_008,,Retail / Tiendas,1,1400.0,0.0,1400.0,1400.0,COMPLETED
ORD-12353,2026-04-30,00044,PROD_007,,Retail / Tiendas,1,120.0,12.0,120.0,108.0,COMPLETED
ORD-12354,2026-04-30,00016,PROD_007,,Retail / Tiendas,1,120.0,0.0,120.0,120.0,COMPLETED
ORD-12357,2026-04-30,00059,PROD_005,,Retail / Tiendas,1,650.0,0.0,650.0,650.0,COMPLETED
ORD-12358,2026-04-30,00008,PROD_002,,Mayorista / B2B,13,2100.0,0.0,27300.0,27300.0,COMPLETED
ORD-12359,2026-04-30,00013,PROD_001,,Retail / Tiendas,3,4500.0,675.0,13500.0,12825.0,COMPLETED
ORD-12361,2026-05-01,00063,PROD_007,,Retail / Tiendas,1,120.0,0.0,120.0,120.0,COMPLETED
ORD-12364,2026-05-01,00056,PROD_008,CMP-04,Retail / Tiendas,1,1400.0,0.0,1400.0,1400.0,COMPLETED
ORD-12365,2026-05-01,00074,PROD_001,CMP-04,Retail / Tiendas,3,4500.0,0.0,13500.0,13500.0,COMPLETED
ORD-12367,2026-05-01,00053,PROD_004,,Retail / Tiendas,2,380.0,38.0,760.0,722.0,COMPLETED
ORD-12368,2026-05-01,00073,PROD_004,CMP-04,Retail / Tiendas,1,380.0,0.0,380.0,380.0,COMPLETED
ORD-12369,2026-05-01,00022,PROD_002,CMP-04,Online / Directo,2,2100.0,210.0,4200.0,3990.0,COMPLETED
ORD-12371,2026-05-01,00063,PROD_002,CMP-04,Retail / Tiendas,2,2100.0,0.0,4200.0,4200.0,COMPLETED
ORD-12373,2026-05-01,00068,PROD_005,CMP-04,Online / Directo,3,650.0,195.0,1950.0,1755.0,COMPLETED
ORD-12375,2026-05-01,00010,PROD_004,CMP-04,Retail / Tiendas,3,380.0,0.0,1140.0,1140.0,COMPLETED
ORD-12376,2026-05-01,00037,PROD_003,CMP-04,Retail / Tiendas,3,750.0,112.5,2250.0,2137.5,CANCELLED
ORD-12380,2026-05-01,00036,PROD_001,CMP-04,Online / Directo,1,4500.0,0.0,4500.0,4500.0,COMPLETED
ORD-12384,2026-05-02,00002,PROD_002,CMP-04,Retail / Tiendas,2,2100.0,,4200.0,3780.0,COMPLETED
ORD-12385,2026-05-02,00072,PROD_008,,Retail / Tiendas,2,1400.0,140.0,2800.0,2660.0,COMPLETED
ORD-12386,2026-05-02,00041,PROD_005,CMP-04,Retail / Tiendas,2,650.0,195.0,1300.0,1105.0,COMPLETED
ORD-12389,2026-05-02,00037,PROD_008,,Retail / Tiendas,1,1400.0,70.0,1400.0,1330.0,COMPLETED
ORD-12391,2026-05-02,00037,PROD_005,,Online / Directo,2,650.0,130.0,1300.0,1170.0,COMPLETED
ORD-12395,2026-05-02,00039,PROD_001,CMP-04,Retail / Tiendas,2,4500.0,,9000.0,8550.0,COMPLETED
ORD-12396,2026-05-02,00039,PROD_007,CMP-04,Retail / Tiendas,3,120.0,18.0,360.0,342.0,COMPLETED
ORD-12398,2026-05-02,00072,PROD_008,,Mayorista / B2B,22,1400.0,0.0,30800.0,30800.0,COMPLETED
ORD-12399,2026-05-02,00071,PROD_003,CMP-04,Retail / Tiendas,2,750.0,75.0,1500.0,1425.0,COMPLETED
ORD-12400,2026-05-02,00024,PROD_007,,Online / Directo,3,120.0,,360.0,360.0,COMPLETED
ORD-12403,2026-05-02,00013,PROD_003,,Retail / Tiendas,3,750.0,0.0,2250.0,2250.0,COMPLETED
ORD-12404,2026-05-02,00076,PROD_008,,Retail / Tiendas,2,1400.0,0.0,2800.0,2800.0,COMPLETED
ORD-12405,2026-05-03,00021,PROD_003,CMP-04,Retail / Tiendas,3,750.0,0.0,2250.0,2250.0,COMPLETED
ORD-12408,2026-05-03,00069,PROD_004,,Retail / Tiendas,1,380.0,0.0,380.0,380.0,COMPLETED
ORD-12411,2026-05-03,00030,PROD_003,,Retail / Tiendas,1,750.0,75.0,750.0,675.0,COMPLETED
ORD-12412,2026-05-03,00003,PROD_007,,Retail / Tiendas,2,120.0,0.0,240.0,240.0,COMPLETED
ORD-12415,2026-05-03,00002,PROD_005,,Retail / Tiendas,3,650.0,0.0,1950.0,1950.0,COMPLETED
ORD-12416,2026-05-03,00029,PROD_003,CMP-04,Retail / Tiendas,1,750.0,75.0,750.0,675.0,COMPLETED
ORD-12418,2026-05-03,00019,PROD_006,CMP-04,Retail / Tiendas,1,55.0,5.5,55.0,49.5,COMPLETED
ORD-12419,2026-05-03,00062,PROD_002,CMP-04,Mayorista / B2B,21,2100.0,0.0,44100.0,44100.0,COMPLETED
ORD-12420,2026-05-03,00005,PROD_008,CMP-04,Retail / Tiendas,2,1400.0,0.0,2800.0,2800.0,COMPLETED
ORD-12421,2026-05-03,00073,PROD_003,,Online / Directo,2,750.0,0.0,1500.0,1500.0,COMPLETED
ORD-12423,2026-05-03,00027,PROD_007,CMP-04,Retail / Tiendas,1,120.0,0.0,120.0,120.0,COMPLETED
ORD-12424,2026-05-03,00057,PROD_004,CMP-04,Retail / Tiendas,2,380.0,76.0,760.0,684.0,COMPLETED
ORD-12426,2026-05-04,00022,PROD_006,,Retail / Tiendas,2,55.0,5.5,110.0,104.5,COMPLETED
ORD-12428,2026-05-04,00018,PROD_005,,Retail / Tiendas,3,650.0,97.5,1950.0,1852.5,COMPLETED
ORD-12430,2026-05-04,00025,PROD_002,,Mayorista / B2B,10,2100.0,2100.0,21000.0,18900.0,COMPLETED
ORD-12431,2026-05-04,00069,PROD_007,CMP-04,Retail / Tiendas,2,120.0,0.0,240.0,240.0,COMPLETED
ORD-12433,2026-05-04,00077,PROD_007,CMP-04,Retail / Tiendas,3,120.0,0.0,360.0,360.0,COMPLETED
ORD-12435,2026-05-04,00065,PROD_001,CMP-04,Mayorista / B2B,17,4500.0,0.0,76500.0,76500.0,COMPLETED
ORD-12437,2026-05-04,00024,PROD_005,,Online / Directo,2,650.0,0.0,1300.0,1300.0,COMPLETED
ORD-12440,2026-05-04,00006,PROD_003,CMP-04,Online / Directo,2,750.0,150.0,1500.0,1350.0,COMPLETED
ORD-12442,2026-05-05,00019,PROD_001,,Mayorista / B2B,11,4500.0,0.0,49500.0,49500.0,COMPLETED
ORD-12443,2026-05-05,00063,PROD_006,,Retail / Tiendas,1,55.0,8.25,55.0,46.75,COMPLETED
ORD-12444,2026-05-05,00053,PROD_008,CMP-04,Retail / Tiendas,2,1400.0,140.0,2800.0,2660.0,COMPLETED
ORD-12445,2026-05-05,00036,PROD_008,CMP-04,Mayorista / B2B,22,1400.0,0.0,30800.0,30800.0,COMPLETED
ORD-12446,2026-05-05,00050,PROD_004,,Mayorista / B2B,24,380.0,0.0,9120.0,9120.0,COMPLETED
ORD-12449,2026-05-05,00037,PROD_005,CMP-04,Retail / Tiendas,3,650.0,0.0,1950.0,1950.0,COMPLETED
ORD-12453,2026-05-05,00067,PROD_001,CMP-04,Online / Directo,1,4500.0,0.0,4500.0,4500.0,CANCELLED
ORD-12454,2026-05-05,00028,PROD_008,CMP-04,Retail / Tiendas,3,1400.0,0.0,4200.0,4200.0,COMPLETED
ORD-12455,2026-05-05,00038,PROD_006,CMP-04,Retail / Tiendas,1,55.0,5.5,55.0,49.5,CANCELLED
ORD-12456,2026-05-05,00026,PROD_006,CMP-04,Mayorista / B2B,12,55.0,0.0,660.0,660.0,COMPLETED
ORD-12457,2026-05-05,00042,PROD_002,,Retail / Tiendas,2,2100.0,0.0,4200.0,4200.0,COMPLETED
ORD-12460,2026-05-06,00023,PROD_002,CMP-04,Online / Directo,1,2100.0,0.0,2100.0,2100.0,COMPLETED
ORD-12461,2026-05-06,00017,PROD_005,,Online / Directo,3,650.0,195.0,1950.0,1755.0,COMPLETED
ORD-12462,2026-05-06,00022,PROD_005,CMP-04,Online / Directo,2,650.0,65.0,1300.0,1235.0,COMPLETED
ORD-12463,2026-05-06,00042,PROD_002,,Online / Directo,3,2100.0,315.0,6300.0,5985.0,COMPLETED
ORD-12464,2026-05-06,00031,PROD_002,CMP-04,Mayorista / B2B,18,2100.0,1890.0,37800.0,35910.0,COMPLETED
ORD-12465,2026-05-06,00074,PROD_004,CMP-04,Retail / Tiendas,2,380.0,0.0,760.0,760.0,COMPLETED
ORD-12467,2026-05-06,00014,PROD_005,,Online / Directo,1,650.0,97.5,650.0,552.5,COMPLETED
ORD-12469,2026-05-06,00038,PROD_003,,Retail / Tiendas,3,750.0,0.0,2250.0,2250.0,COMPLETED
ORD-12471,2026-05-06,00034,PROD_008,CMP-04,Retail / Tiendas,3,1400.0,0.0,4200.0,4200.0,COMPLETED
ORD-12472,2026-05-06,00068,PROD_006,,Retail / Tiendas,1,55.0,0.0,55.0,55.0,COMPLETED
ORD-12473,2026-05-06,00036,PROD_002,,Retail / Tiendas,2,2100.0,420.0,4200.0,3780.0,COMPLETED
ORD-12474,2026-05-06,00060,PROD_001,CMP-04,Retail / Tiendas,3,4500.0,0.0,13500.0,13500.0,COMPLETED
ORD-12477,2026-05-06,00023,PROD_004,,Mayorista / B2B,23,380.0,0.0,8740.0,8740.0,COMPLETED
ORD-12478,2026-05-06,00059,PROD_008,,Online / Directo,3,1400.0,210.0,4200.0,3990.0,COMPLETED
ORD-12479,2026-05-06,00005,PROD_001,,Mayorista / B2B,9,4500.0,4050.0,40500.0,36450.0,COMPLETED
ORD-12480,2026-05-06,00032,PROD_004,,Retail / Tiendas,2,380.0,76.0,760.0,684.0,COMPLETED
ORD-12481,2026-05-06,00057,PROD_005,,Retail / Tiendas,3,650.0,0.0,1950.0,1950.0,COMPLETED
ORD-12484,2026-05-07,00010,PROD_003,CMP-04,Online / Directo,3,750.0,0.0,2250.0,2250.0,COMPLETED
ORD-12485,2026-05-07,00061,PROD_006,CMP-04,Online / Directo,1,55.0,0.0,55.0,55.0,COMPLETED
ORD-12486,2026-05-07,00070,PROD_003,CMP-04,Retail / Tiendas,3,750.0,112.5,2250.0,2137.5,COMPLETED
ORD-12488,2026-05-07,00024,PROD_005,,Online / Directo,1,650.0,0.0,650.0,650.0,COMPLETED
ORD-12490,2026-05-07,00034,PROD_001,CMP-04,Online / Directo,1,4500.0,450.0,4500.0,4050.0,CANCELLED
ORD-12491,2026-05-07,00009,PROD_001,,Retail / Tiendas,3,4500.0,1350.0,13500.0,12150.0,CANCELLED
ORD-12496,2026-05-07,00044,PROD_007,CMP-04,Retail / Tiendas,2,120.0,0.0,240.0,240.0,COMPLETED
ORD-12499,2026-05-07,00058,PROD_005,,Online / Directo,1,650.0,32.5,650.0,617.5,COMPLETED
ORD-12500,2026-05-07,00052,PROD_002,,Mayorista / B2B,16,2100.0,3360.0,33600.0,30240.0,COMPLETED
ORD-12502,2026-05-07,00042,PROD_003,,Online / Directo,1,750.0,0.0,750.0,750.0,COMPLETED
ORD-12503,2026-05-07,00001,PROD_004,,Retail / Tiendas,3,380.0,57.0,1140.0,1083.0,COMPLETED
ORD-12505,2026-05-07,00040,PROD_005,CMP-04,Online / Directo,2,650.0,0.0,1300.0,1300.0,COMPLETED
ORD-12507,2026-05-08,00004,PROD_008,,Mayorista / B2B,24,1400.0,1680.0,33600.0,31920.0,CANCELLED
ORD-12508,2026-05-08,00024,PROD_006,,Retail / Tiendas,1,55.0,8.25,55.0,46.75,COMPLETED
ORD-12509,2026-05-08,00002,PROD_006,,Online / Directo,3,55.0,8.25,165.0,156.75,COMPLETED
ORD-12511,2026-05-08,00028,PROD_005,CMP-04,Retail / Tiendas,3,650.0,97.5,1950.0,1852.5,COMPLETED
ORD-12512,2026-05-08,00022,PROD_004,CMP-04,Retail / Tiendas,3,380.0,57.0,1140.0,1083.0,COMPLETED
ORD-12513,2026-05-08,00069,PROD_002,CMP-04,Mayorista / B2B,21,2100.0,2205.0,44100.0,41895.0,COMPLETED
ORD-12514,2026-05-08,00051,PROD_001,,Retail / Tiendas,3,4500.0,1350.0,13500.0,12150.0,COMPLETED
ORD-12515,2026-05-08,00030,PROD_008,,Retail / Tiendas,1,1400.0,0.0,1400.0,1400.0,COMPLETED
ORD-12516,2026-05-08,00013,PROD_007,,Retail / Tiendas,2,120.0,12.0,240.0,228.0,COMPLETED
ORD-12517,2026-05-08,00044,PROD_003,,Retail / Tiendas,1,750.0,37.5,750.0,712.5,COMPLETED
ORD-12518,2026-05-08,00075,PROD_004,CMP-04,Online / Directo,3,380.0,0.0,1140.0,1140.0,COMPLETED
ORD-12519,2026-05-08,00032,PROD_001,,Online / Directo,2,4500.0,0.0,9000.0,9000.0,COMPLETED
ORD-12520,2026-05-08,00020,PROD_007,CMP-04,Retail / Tiendas,3,120.0,0.0,360.0,360.0,COMPLETED
ORD-12521,2026-05-08,00058,PROD_005,CMP-04,Retail / Tiendas,1,650.0,32.5,650.0,617.5,COMPLETED
ORD-12525,2026-05-08,00033,PROD_003,,Online / Directo,1,750.0,112.5,750.0,637.5,COMPLETED
ORD-12526,2026-05-08,00021,PROD_006,,Online / Directo,1,55.0,0.0,55.0,55.0,COMPLETED
ORD-12527,2026-05-08,00022,PROD_004,CMP-04,Retail / Tiendas,2,380.0,,760.0,760.0,COMPLETED
ORD-12528,2026-05-08,00064,PROD_008,CMP-04,Retail / Tiendas,3,1400.0,,4200.0,4200.0,COMPLETED
ORD-12529,2026-05-09,00022,PROD_008,,Mayorista / B2B,7,1400.0,1470.0,9800.0,8330.0,COMPLETED
ORD-12530,2026-05-09,00050,PROD_007,CMP-04,Retail / Tiendas,2,120.0,24.0,240.0,216.0,COMPLETED
ORD-12531,2026-05-09,00043,PROD_002,CMP-04,Retail / Tiendas,1,2100.0,105.0,2100.0,1995.0,COMPLETED
ORD-12532,2026-05-09,00072,PROD_003,CMP-04,Retail / Tiendas,2,750.0,,1500.0,1275.0,COMPLETED
ORD-12533,2026-05-09,00041,PROD_005,,Retail / Tiendas,2,650.0,195.0,1300.0,1105.0,COMPLETED
ORD-12534,2026-05-09,00052,PROD_002,CMP-04,Retail / Tiendas,3,2100.0,315.0,6300.0,5985.0,COMPLETED
ORD-12537,2026-05-09,00021,PROD_008,,Retail / Tiendas,3,1400.0,630.0,4200.0,3570.0,COMPLETED
ORD-12538,2026-05-09,00011,PROD_007,CMP-04,Retail / Tiendas,3,120.0,18.0,360.0,342.0,COMPLETED
ORD-12539,2026-05-09,00058,PROD_002,CMP-04,Mayorista / B2B,22,2100.0,4620.0,46200.0,41580.0,COMPLETED
ORD-12540,2026-05-09,00032,PROD_001,CMP-04,Retail / Tiendas,3,4500.0,675.0,13500.0,12825.0,COMPLETED
ORD-12541,2026-05-09,00073,PROD_006,,Retail / Tiendas,3,55.0,0.0,165.0,165.0,COMPLETED
ORD-12542,2026-05-09,00009,PROD_005,,Retail / Tiendas,1,650.0,0.0,650.0,650.0,COMPLETED
ORD-12543,2026-05-09,00037,PROD_004,,Retail / Tiendas,3,380.0,0.0,1140.0,1140.0,COMPLETED
ORD-12544,2026-05-09,00060,PROD_004,,Online / Directo,2,380.0,0.0,760.0,760.0,COMPLETED
ORD-12545,2026-05-09,00064,PROD_004,,Retail / Tiendas,1,380.0,0.0,380.0,380.0,REFUNDED
ORD-12549,2026-05-09,00072,PROD_004,CMP-04,Mayorista / B2B,19,380.0,361.0,7220.0,6859.0,COMPLETED
ORD-12551,2026-05-09,00068,PROD_007,CMP-04,Online / Directo,3,120.0,18.0,360.0,342.0,COMPLETED
ORD-12554,2026-05-10,00014,PROD_004,CMP-04,Retail / Tiendas,3,380.0,171.0,1140.0,969.0,COMPLETED
ORD-12557,2026-05-10,00014,PROD_002,,Mayorista / B2B,11,2100.0,0.0,23100.0,23100.0,COMPLETED
ORD-12559,2026-05-10,00011,PROD_002,,Retail / Tiendas,1,2100.0,0.0,2100.0,2100.0,COMPLETED
ORD-12560,2026-05-10,00031,PROD_008,,Retail / Tiendas,3,1400.0,210.0,4200.0,3990.0,COMPLETED
ORD-12561,2026-05-10,00043,PROD_004,,Mayorista / B2B,11,380.0,0.0,4180.0,4180.0,CANCELLED
ORD-12562,2026-05-10,00058,PROD_007,,Online / Directo,1,120.0,6.0,120.0,114.0,COMPLETED
ORD-12564,2026-05-10,00079,PROD_007,CMP-04,Retail / Tiendas,2,120.0,0.0,240.0,240.0,COMPLETED
ORD-12566,2026-05-10,00005,PROD_002,CMP-04,Online / Directo,1,2100.0,105.0,2100.0,1995.0,COMPLETED
ORD-12567,2026-05-10,00079,PROD_003,,Online / Directo,2,750.0,75.0,1500.0,1425.0,COMPLETED
ORD-12569,2026-05-10,00015,PROD_006,,Retail / Tiendas,1,55.0,8.25,55.0,46.75,COMPLETED
ORD-12571,2026-05-11,00042,PROD_006,,Online / Directo,1,55.0,0.0,55.0,55.0,REFUNDED
ORD-12573,2026-05-11,00063,PROD_007,CMP-04,Retail / Tiendas,2,120.0,0.0,240.0,240.0,COMPLETED
ORD-12575,2026-05-11,00053,PROD_003,,Retail / Tiendas,1,750.0,112.5,750.0,637.5,COMPLETED
ORD-12577,2026-05-11,00033,PROD_007,,Retail / Tiendas,3,120.0,18.0,360.0,342.0,COMPLETED
ORD-12578,2026-05-11,00017,PROD_007,,Retail / Tiendas,1,120.0,0.0,120.0,120.0,COMPLETED
ORD-12582,2026-05-11,00011,PROD_004,CMP-04,Retail / Tiendas,1,380.0,19.0,380.0,361.0,COMPLETED
ORD-12583,2026-05-11,00054,PROD_001,CMP-04,Retail / Tiendas,1,4500.0,225.0,4500.0,4275.0,COMPLETED
ORD-12588,2026-05-11,00064,PROD_007,,Online / Directo,1,120.0,0.0,120.0,120.0,COMPLETED
ORD-12589,2026-05-11,00016,PROD_001,,Mayorista / B2B,19,4500.0,0.0,85500.0,85500.0,CANCELLED
ORD-12590,2026-05-11,00004,PROD_003,,Retail / Tiendas,1,750.0,37.5,750.0,712.5,COMPLETED
ORD-12591,2026-05-12,00043,PROD_008,,Retail / Tiendas,2,1400.0,140.0,2800.0,2660.0,COMPLETED
ORD-12592,2026-05-12,00017,PROD_002,,Retail / Tiendas,2,2100.0,420.0,4200.0,3780.0,COMPLETED
ORD-12593,2026-05-12,00016,PROD_002,,Online / Directo,2,2100.0,420.0,4200.0,3780.0,COMPLETED
ORD-12595,2026-05-12,00020,PROD_003,,Retail / Tiendas,3,750.0,0.0,2250.0,2250.0,COMPLETED
ORD-12597,2026-05-12,00024,PROD_002,CMP-04,Mayorista / B2B,5,2100.0,0.0,10500.0,10500.0,COMPLETED
ORD-12599,2026-05-12,00076,PROD_002,,Retail / Tiendas,2,2100.0,210.0,4200.0,3990.0,COMPLETED
ORD-12600,2026-05-12,00030,PROD_003,CMP-04,Retail / Tiendas,1,750.0,112.5,750.0,637.5,COMPLETED
ORD-12603,2026-05-12,00005,PROD_006,,Retail / Tiendas,2,55.0,0.0,110.0,110.0,COMPLETED
ORD-12604,2026-05-12,00044,PROD_005,,Retail / Tiendas,1,650.0,32.5,650.0,617.5,COMPLETED
ORD-12605,2026-05-12,00015,PROD_007,CMP-04,Retail / Tiendas,2,120.0,0.0,240.0,240.0,REFUNDED
ORD-12607,2026-05-12,00013,PROD_001,CMP-04,Mayorista / B2B,17,4500.0,7650.0,76500.0,68850.0,COMPLETED
ORD-12610,2026-05-13,00038,PROD_008,,Retail / Tiendas,2,1400.0,0.0,2800.0,2800.0,COMPLETED
ORD-12611,2026-05-13,00001,PROD_005,,Retail / Tiendas,2,650.0,0.0,1300.0,1300.0,COMPLETED
ORD-12612,2026-05-13,00039,PROD_007,CMP-04,Online / Directo,3,120.0,18.0,360.0,342.0,COMPLETED
ORD-12615,2026-05-13,00046,PROD_006,,Retail / Tiendas,3,55.0,0.0,165.0,165.0,COMPLETED
ORD-12616,2026-05-13,00048,PROD_005,CMP-04,Retail / Tiendas,2,650.0,0.0,1300.0,1300.0,COMPLETED
ORD-12618,2026-05-13,00075,PROD_001,,Retail / Tiendas,1,4500.0,225.0,4500.0,4275.0,COMPLETED
ORD-12619,2026-05-13,00008,PROD_002,,Mayorista / B2B,10,2100.0,1050.0,21000.0,19950.0,COMPLETED
ORD-12620,2026-05-13,00049,PROD_003,,Retail / Tiendas,1,750.0,37.5,750.0,712.5,COMPLETED
ORD-12622,2026-05-13,00008,PROD_004,,Retail / Tiendas,1,380.0,0.0,380.0,380.0,COMPLETED
ORD-12623,2026-05-13,00079,PROD_004,CMP-04,Online / Directo,2,380.0,76.0,760.0,684.0,COMPLETED
ORD-12624,2026-05-13,00009,PROD_002,,Mayorista / B2B,7,2100.0,2205.0,14700.0,12495.0,COMPLETED
ORD-12625,2026-05-13,00013,PROD_008,CMP-04,Retail / Tiendas,2,1400.0,140.0,2800.0,2660.0,COMPLETED
ORD-12627,2026-05-13,00002,PROD_001,,Online / Directo,2,4500.0,900.0,9000.0,8100.0,COMPLETED
ORD-12631,2026-05-14,00027,PROD_007,CMP-04,Online / Directo,3,120.0,18.0,360.0,342.0,COMPLETED
ORD-12632,2026-05-14,00066,PROD_003,CMP-04,Online / Directo,3,750.0,112.5,2250.0,2137.5,COMPLETED
ORD-12634,2026-05-14,00029,PROD_003,,Online / Directo,1,750.0,37.5,750.0,712.5,COMPLETED
ORD-12635,2026-05-14,00069,PROD_007,CMP-04,Mayorista / B2B,16,120.0,192.0,1920.0,1728.0,COMPLETED
ORD-12636,2026-05-14,00049,PROD_007,CMP-04,Retail / Tiendas,2,120.0,24.0,240.0,216.0,COMPLETED
ORD-12639,2026-05-14,00021,PROD_008,,Online / Directo,3,1400.0,,4200.0,3990.0,COMPLETED
ORD-12640,2026-05-14,00075,PROD_006,CMP-04,Retail / Tiendas,2,55.0,11.0,110.0,99.0,COMPLETED
ORD-12641,2026-05-14,00010,PROD_002,CMP-04,Retail / Tiendas,3,2100.0,945.0,6300.0,5355.0,COMPLETED
ORD-12643,2026-05-14,00073,PROD_006,,Retail / Tiendas,2,55.0,0.0,110.0,110.0,COMPLETED
ORD-12645,2026-05-14,00065,PROD_003,CMP-04,Retail / Tiendas,3,750.0,225.0,2250.0,2025.0,COMPLETED
ORD-12646,2026-05-14,00071,PROD_004,CMP-04,Online / Directo,1,380.0,19.0,380.0,361.0,COMPLETED
ORD-12647,2026-05-14,00078,PROD_007,,Retail / Tiendas,3,120.0,0.0,360.0,360.0,COMPLETED
ORD-12648,2026-05-15,00060,PROD_008,,Online / Directo,2,1400.0,140.0,2800.0,2660.0,COMPLETED
ORD-12650,2026-05-15,00073,PROD_005,,Retail / Tiendas,3,650.0,292.5,1950.0,1657.5,COMPLETED
ORD-12652,2026-05-15,00078,PROD_005,,Online / Directo,2,650.0,0.0,1300.0,1300.0,COMPLETED
ORD-12654,2026-05-15,00021,PROD_001,CMP-04,Retail / Tiendas,2,4500.0,450.0,9000.0,8550.0,COMPLETED
ORD-12655,2026-05-15,00033,PROD_006,CMP-04,Retail / Tiendas,3,55.0,16.5,165.0,148.5,COMPLETED
ORD-12656,2026-05-15,00052,PROD_003,,Online / Directo,1,750.0,0.0,750.0,750.0,COMPLETED
ORD-12657,2026-05-15,00079,PROD_008,,Retail / Tiendas,2,1400.0,0.0,2800.0,2800.0,COMPLETED
ORD-12661,2026-05-15,00069,PROD_007,CMP-04,Online / Directo,2,120.0,12.0,240.0,228.0,COMPLETED
ORD-12662,2026-05-15,00049,PROD_006,,Retail / Tiendas,2,55.0,0.0,110.0,110.0,COMPLETED
ORD-12663,2026-05-15,00071,PROD_006,,Retail / Tiendas,3,55.0,16.5,165.0,148.5,COMPLETED
ORD-12667,2026-05-15,00052,PROD_008,,Retail / Tiendas,1,1400.0,0.0,1400.0,1400.0,COMPLETED
ORD-12668,2026-05-15,00062,PROD_001,,Mayorista / B2B,16,4500.0,0.0,72000.0,72000.0,COMPLETED
ORD-12669,2026-05-15,00046,PROD_006,,Online / Directo,1,55.0,0.0,55.0,55.0,COMPLETED
ORD-12670,2026-05-15,00076,PROD_005,CMP-04,Retail / Tiendas,1,650.0,32.5,650.0,617.5,COMPLETED
ORD-12671,2026-05-15,00074,PROD_005,CMP-04,Online / Directo,2,650.0,65.0,1300.0,1235.0,COMPLETED
ORD-12672,2026-05-16,00003,PROD_005,,Online / Directo,3,650.0,292.5,1950.0,1657.5,COMPLETED
ORD-12673,2026-05-16,00029,PROD_003,CMP-04,Retail / Tiendas,2,750.0,75.0,1500.0,1425.0,COMPLETED
ORD-12675,2026-05-16,00051,PROD_004,,Retail / Tiendas,2,380.0,76.0,760.0,684.0,COMPLETED
ORD-12676,2026-05-16,00073,PROD_003,,Online / Directo,1,750.0,0.0,750.0,750.0,COMPLETED
ORD-12679,2026-05-16,00034,PROD_003,,Retail / Tiendas,3,750.0,0.0,2250.0,2250.0,COMPLETED
ORD-12682,2026-05-16,00022,PROD_001,,Online / Directo,2,4500.0,900.0,9000.0,8100.0,COMPLETED
ORD-12683,2026-05-16,00070,PROD_008,CMP-04,Retail / Tiendas,3,1400.0,210.0,4200.0,3990.0,COMPLETED
ORD-12684,2026-05-16,00031,PROD_004,CMP-04,Retail / Tiendas,3,380.0,0.0,1140.0,1140.0,COMPLETED
ORD-12686,2026-05-16,00010,PROD_003,,Mayorista / B2B,22,750.0,2475.0,16500.0,14025.0,COMPLETED
ORD-12687,2026-05-16,00051,PROD_005,,Online / Directo,3,650.0,97.5,1950.0,1852.5,COMPLETED
ORD-12689,2026-05-16,00051,PROD_005,,Online / Directo,3,650.0,195.0,1950.0,1755.0,COMPLETED
ORD-12690,2026-05-16,00054,PROD_007,CMP-04,Retail / Tiendas,2,120.0,36.0,240.0,204.0,COMPLETED
ORD-12691,2026-05-17,00021,PROD_001,CMP-04,Mayorista / B2B,8,4500.0,0.0,36000.0,36000.0,COMPLETED
ORD-12692,2026-05-17,00002,PROD_001,CMP-04,Retail / Tiendas,3,4500.0,1350.0,13500.0,12150.0,COMPLETED
ORD-12693,2026-05-17,00039,PROD_001,CMP-04,Retail / Tiendas,2,4500.0,450.0,9000.0,8550.0,COMPLETED
ORD-12694,2026-05-17,00007,PROD_007,,Mayorista / B2B,23,120.0,0.0,2760.0,2760.0,COMPLETED
ORD-12696,2026-05-17,00030,PROD_002,,Mayorista / B2B,12,2100.0,3780.0,25200.0,21420.0,COMPLETED
ORD-12697,2026-05-17,00040,PROD_008,,Retail / Tiendas,1,1400.0,70.0,1400.0,1330.0,COMPLETED
ORD-12699,2026-05-17,00074,PROD_001,CMP-04,Retail / Tiendas,2,4500.0,450.0,9000.0,8550.0,COMPLETED
ORD-12700,2026-05-17,00039,PROD_005,CMP-04,Retail / Tiendas,3,650.0,195.0,1950.0,1755.0,COMPLETED
ORD-12702,2026-05-17,00053,PROD_003,,Retail / Tiendas,1,750.0,112.5,750.0,637.5,COMPLETED
ORD-12706,2026-05-17,00016,PROD_008,CMP-04,Retail / Tiendas,3,1400.0,420.0,4200.0,3780.0,COMPLETED
ORD-12707,2026-05-17,00007,PROD_005,CMP-04,Mayorista / B2B,14,650.0,455.0,9100.0,8645.0,COMPLETED
ORD-12709,2026-05-18,00059,PROD_007,CMP-04,Retail / Tiendas,2,120.0,0.0,240.0,240.0,COMPLETED
ORD-12711,2026-05-18,00042,PROD_001,CMP-04,Mayorista / B2B,17,4500.0,0.0,76500.0,76500.0,COMPLETED
ORD-12712,2026-05-18,00045,PROD_006,CMP-04,Retail / Tiendas,3,55.0,0.0,165.0,165.0,COMPLETED
ORD-12713,2026-05-18,00007,PROD_006,,Retail / Tiendas,3,55.0,0.0,165.0,165.0,COMPLETED
ORD-12715,2026-05-18,00059,PROD_003,,Mayorista / B2B,9,750.0,0.0,6750.0,6750.0,COMPLETED
ORD-12718,2026-05-18,00016,PROD_005,CMP-04,Retail / Tiendas,3,650.0,292.5,1950.0,1657.5,COMPLETED
ORD-12720,2026-05-18,00069,PROD_007,CMP-04,Retail / Tiendas,1,120.0,6.0,120.0,114.0,COMPLETED
ORD-12721,2026-05-18,00010,PROD_006,CMP-04,Retail / Tiendas,3,55.0,8.25,165.0,156.75,COMPLETED
ORD-12724,2026-05-18,00006,PROD_002,CMP-04,Retail / Tiendas,1,2100.0,0.0,2100.0,2100.0,COMPLETED
ORD-12725,2026-05-18,00034,PROD_005,,Mayorista / B2B,14,650.0,0.0,9100.0,9100.0,COMPLETED
ORD-12726,2026-05-19,00053,PROD_006,,Online / Directo,1,55.0,8.25,55.0,46.75,COMPLETED
ORD-12729,2026-05-19,00002,PROD_007,,Retail / Tiendas,1,120.0,0.0,120.0,120.0,COMPLETED
ORD-12730,2026-05-19,00049,PROD_002,,Retail / Tiendas,1,2100.0,105.0,2100.0,1995.0,COMPLETED
ORD-12731,2026-05-19,00032,PROD_003,CMP-04,Retail / Tiendas,2,750.0,75.0,1500.0,1425.0,COMPLETED
ORD-12732,2026-05-19,00008,PROD_005,CMP-04,Retail / Tiendas,3,650.0,0.0,1950.0,1950.0,COMPLETED
ORD-12733,2026-05-19,00055,PROD_008,CMP-04,Retail / Tiendas,1,1400.0,0.0,1400.0,1400.0,COMPLETED
ORD-12734,2026-05-19,00072,PROD_001,CMP-04,Online / Directo,2,4500.0,0.0,9000.0,9000.0,COMPLETED
ORD-12736,2026-05-19,00063,PROD_002,,Online / Directo,2,2100.0,630.0,4200.0,3570.0,COMPLETED
ORD-12737,2026-05-19,00019,PROD_008,CMP-04,Retail / Tiendas,1,1400.0,70.0,1400.0,1330.0,COMPLETED
ORD-12738,2026-05-19,00023,PROD_006,CMP-04,Mayorista / B2B,11,55.0,0.0,605.0,605.0,REFUNDED
ORD-12740,2026-05-19,00025,PROD_008,CMP-04,Retail / Tiendas,1,1400.0,0.0,1400.0,1400.0,COMPLETED
ORD-12741,2026-05-19,00048,PROD_004,CMP-04,Retail / Tiendas,3,380.0,57.0,1140.0,1083.0,COMPLETED
ORD-12742,2026-05-20,00010,PROD_008,CMP-04,Retail / Tiendas,2,1400.0,280.0,2800.0,2520.0,COMPLETED
ORD-12745,2026-05-20,00015,PROD_004,CMP-04,Retail / Tiendas,2,380.0,0.0,760.0,760.0,COMPLETED
ORD-12746,2026-05-20,00009,PROD_001,,Retail / Tiendas,2,4500.0,1350.0,9000.0,7650.0,COMPLETED
ORD-12748,2026-05-20,00023,PROD_003,CMP-04,Retail / Tiendas,3,750.0,337.5,2250.0,1912.5,COMPLETED
ORD-12750,2026-05-20,00056,PROD_007,,Retail / Tiendas,1,120.0,0.0,120.0,120.0,COMPLETED
ORD-12753,2026-05-20,00014,PROD_004,,Mayorista / B2B,18,380.0,342.0,6840.0,6498.0,COMPLETED
ORD-12754,2026-05-20,00011,PROD_002,,Retail / Tiendas,3,2100.0,630.0,6300.0,5670.0,COMPLETED
ORD-12755,2026-05-20,00062,PROD_008,,Retail / Tiendas,1,1400.0,0.0,1400.0,1400.0,COMPLETED
ORD-12759,2026-05-20,00005,PROD_005,CMP-04,Retail / Tiendas,1,650.0,65.0,650.0,585.0,COMPLETED
ORD-12761,2026-05-20,00052,PROD_003,,Online / Directo,2,750.0,0.0,1500.0,1500.0,COMPLETED
ORD-12762,2026-05-21,00014,PROD_008,,Online / Directo,3,1400.0,210.0,4200.0,3990.0,COMPLETED
ORD-12763,2026-05-21,00024,PROD_004,CMP-04,Retail / Tiendas,1,380.0,19.0,380.0,361.0,COMPLETED
ORD-12764,2026-05-21,00024,PROD_001,CMP-04,Mayorista / B2B,19,4500.0,4275.0,85500.0,81225.0,COMPLETED
ORD-12766,2026-05-21,00007,PROD_003,,Retail / Tiendas,1,750.0,37.5,750.0,712.5,COMPLETED
ORD-12768,2026-05-21,00026,PROD_004,CMP-04,Retail / Tiendas,1,380.0,38.0,380.0,342.0,COMPLETED
ORD-12774,2026-05-21,00045,PROD_002,CMP-04,Retail / Tiendas,1,2100.0,105.0,2100.0,1995.0,COMPLETED
ORD-12775,2026-05-21,00018,PROD_008,,Retail / Tiendas,1,1400.0,70.0,1400.0,1330.0,CANCELLED
ORD-12776,2026-05-21,00055,PROD_004,CMP-04,Retail / Tiendas,2,380.0,76.0,760.0,684.0,COMPLETED
ORD-12777,2026-05-21,00016,PROD_002,CMP-04,Retail / Tiendas,3,2100.0,0.0,6300.0,6300.0,COMPLETED
ORD-12779,2026-05-21,00034,PROD_002,CMP-04,Mayorista / B2B,16,2100.0,0.0,33600.0,33600.0,COMPLETED
ORD-12780,2026-05-21,00071,PROD_008,CMP-04,Online / Directo,1,1400.0,70.0,1400.0,1330.0,COMPLETED
ORD-12783,2026-05-21,00023,PROD_001,,Retail / Tiendas,1,4500.0,0.0,4500.0,4500.0,COMPLETED
ORD-12785,2026-05-22,00031,PROD_005,,Retail / Tiendas,1,650.0,65.0,650.0,585.0,COMPLETED
ORD-12787,2026-05-22,00033,PROD_003,,Online / Directo,1,750.0,37.5,750.0,712.5,COMPLETED
ORD-12789,2026-05-22,00013,PROD_002,,Retail / Tiendas,1,2100.0,0.0,2100.0,2100.0,COMPLETED
ORD-12790,2026-05-22,00059,PROD_001,,Online / Directo,1,4500.0,0.0,4500.0,4500.0,COMPLETED
ORD-12792,2026-05-22,00047,PROD_006,,Mayorista / B2B,5,55.0,0.0,275.0,275.0,COMPLETED
ORD-12793,2026-05-22,00078,PROD_004,CMP-04,Online / Directo,3,380.0,114.0,1140.0,1026.0,COMPLETED
ORD-12795,2026-05-22,00061,PROD_007,,Mayorista / B2B,10,120.0,0.0,1200.0,1200.0,COMPLETED
ORD-12796,2026-05-22,00067,PROD_002,,Retail / Tiendas,3,2100.0,0.0,6300.0,6300.0,COMPLETED
ORD-12797,2026-05-22,00052,PROD_006,,Retail / Tiendas,1,55.0,0.0,55.0,55.0,COMPLETED
ORD-12799,2026-05-22,00048,PROD_004,CMP-04,Mayorista / B2B,16,380.0,912.0,6080.0,5168.0,COMPLETED
ORD-12800,2026-05-22,00059,PROD_001,CMP-04,Retail / Tiendas,3,4500.0,675.0,13500.0,12825.0,COMPLETED
ORD-12801,2026-05-22,00012,PROD_004,CMP-04,Online / Directo,2,380.0,38.0,760.0,722.0,COMPLETED
ORD-12803,2026-05-22,00061,PROD_003,,Mayorista / B2B,14,750.0,0.0,10500.0,10500.0,CANCELLED
ORD-12805,2026-05-22,00001,PROD_001,,Retail / Tiendas,2,4500.0,1350.0,9000.0,7650.0,COMPLETED
ORD-12806,2026-05-22,00043,PROD_004,CMP-04,Online / Directo,1,380.0,0.0,380.0,380.0,COMPLETED
ORD-12807,2026-05-22,00054,PROD_003,,Retail / Tiendas,1,750.0,0.0,750.0,750.0,COMPLETED
ORD-12808,2026-05-23,00042,PROD_002,,Online / Directo,2,2100.0,0.0,4200.0,4200.0,COMPLETED
ORD-12809,2026-05-23,00062,PROD_006,,Mayorista / B2B,16,55.0,132.0,880.0,748.0,COMPLETED
ORD-12810,2026-05-23,00060,PROD_006,,Mayorista / B2B,8,55.0,44.0,440.0,396.0,COMPLETED
ORD-12811,2026-05-23,00051,PROD_006,CMP-04,Retail / Tiendas,1,55.0,8.25,55.0,46.75,COMPLETED
ORD-12812,2026-05-23,00013,PROD_002,CMP-04,Retail / Tiendas,2,2100.0,0.0,4200.0,4200.0,COMPLETED
ORD-12813,2026-05-23,00077,PROD_004,,Retail / Tiendas,2,380.0,0.0,760.0,760.0,COMPLETED
ORD-12814,2026-05-23,00032,PROD_004,,Mayorista / B2B,13,380.0,0.0,4940.0,4940.0,COMPLETED
ORD-12815,2026-05-23,00010,PROD_005,CMP-04,Retail / Tiendas,2,650.0,0.0,1300.0,1300.0,COMPLETED
ORD-12816,2026-05-23,00076,PROD_003,CMP-04,Retail / Tiendas,3,750.0,0.0,2250.0,2250.0,COMPLETED
ORD-12817,2026-05-23,00041,PROD_002,,Mayorista / B2B,14,2100.0,0.0,29400.0,29400.0,COMPLETED
ORD-12820,2026-05-23,00080,PROD_004,CMP-04,Online / Directo,2,380.0,114.0,760.0,646.0,COMPLETED
ORD-12821,2026-05-23,00028,PROD_008,,Retail / Tiendas,3,1400.0,210.0,4200.0,3990.0,COMPLETED
ORD-12822,2026-05-23,00052,PROD_007,,Online / Directo,2,120.0,12.0,240.0,228.0,COMPLETED
ORD-12825,2026-05-23,00001,PROD_002,,Online / Directo,1,2100.0,0.0,2100.0,2100.0,COMPLETED
ORD-12826,2026-05-23,00009,PROD_002,CMP-04,Mayorista / B2B,15,2100.0,0.0,31500.0,31500.0,COMPLETED
ORD-12827,2026-05-23,00019,PROD_001,CMP-04,Retail / Tiendas,3,4500.0,0.0,13500.0,13500.0,COMPLETED
ORD-12830,2026-05-23,00048,PROD_001,CMP-04,Mayorista / B2B,19,4500.0,4275.0,85500.0,81225.0,COMPLETED
ORD-12831,2026-05-23,00068,PROD_007,,Mayorista / B2B,23,120.0,0.0,2760.0,2760.0,COMPLETED
ORD-12832,2026-05-24,00066,PROD_004,,Online / Directo,1,380.0,19.0,380.0,361.0,COMPLETED
ORD-12833,2026-05-24,00007,PROD_004,CMP-04,Mayorista / B2B,16,380.0,0.0,6080.0,6080.0,COMPLETED
ORD-12836,2026-05-24,00069,PROD_008,CMP-04,Mayorista / B2B,11,1400.0,770.0,15400.0,14630.0,COMPLETED
ORD-12837,2026-05-24,00024,PROD_003,CMP-04,Retail / Tiendas,3,750.0,0.0,2250.0,2250.0,COMPLETED
ORD-12840,2026-05-24,00011,PROD_003,,Retail / Tiendas,2,750.0,75.0,1500.0,1425.0,COMPLETED
ORD-12842,2026-05-24,00021,PROD_007,CMP-04,Retail / Tiendas,1,120.0,6.0,120.0,114.0,COMPLETED
ORD-12843,2026-05-24,00063,PROD_006,,Mayorista / B2B,15,55.0,123.75,825.0,701.25,COMPLETED
ORD-12844,2026-05-24,00007,PROD_001,CMP-04,Online / Directo,2,4500.0,900.0,9000.0,8100.0,COMPLETED
ORD-12846,2026-05-24,00039,PROD_005,,Retail / Tiendas,2,650.0,65.0,1300.0,1235.0,COMPLETED
ORD-12848,2026-05-25,00004,PROD_008,,Online / Directo,1,1400.0,70.0,1400.0,1330.0,COMPLETED
ORD-12849,2026-05-25,00062,PROD_002,CMP-04,Online / Directo,3,2100.0,630.0,6300.0,5670.0,COMPLETED
ORD-12851,2026-05-25,00055,PROD_008,CMP-04,Online / Directo,3,1400.0,210.0,4200.0,3990.0,COMPLETED
ORD-12852,2026-05-25,00069,PROD_003,,Retail / Tiendas,1,750.0,0.0,750.0,750.0,COMPLETED
ORD-12853,2026-05-25,00048,PROD_007,,Retail / Tiendas,3,120.0,36.0,360.0,324.0,CANCELLED
ORD-12854,2026-05-25,00073,PROD_003,,Retail / Tiendas,2,750.0,0.0,1500.0,1500.0,COMPLETED
ORD-12856,2026-05-25,00006,PROD_004,CMP-04,Retail / Tiendas,3,380.0,0.0,1140.0,1140.0,COMPLETED
ORD-12858,2026-05-25,00056,PROD_004,CMP-04,Retail / Tiendas,1,380.0,57.0,380.0,323.0,REFUNDED
ORD-12860,2026-05-25,00040,PROD_003,CMP-04,Retail / Tiendas,2,750.0,0.0,1500.0,1500.0,COMPLETED
ORD-12862,2026-05-25,00029,PROD_003,CMP-04,Mayorista / B2B,6,750.0,0.0,4500.0,4500.0,COMPLETED
ORD-12864,2026-05-25,00056,PROD_006,CMP-04,Retail / Tiendas,1,55.0,5.5,55.0,49.5,COMPLETED
ORD-12865,2026-05-25,00020,PROD_005,,Retail / Tiendas,2,650.0,65.0,1300.0,1235.0,COMPLETED
ORD-12866,2026-05-26,00030,PROD_006,,Mayorista / B2B,7,55.0,0.0,385.0,385.0,COMPLETED
ORD-12868,2026-05-26,00016,PROD_004,CMP-04,Retail / Tiendas,2,380.0,0.0,760.0,760.0,COMPLETED
ORD-12869,2026-05-26,00053,PROD_008,CMP-04,Mayorista / B2B,21,1400.0,1470.0,29400.0,27930.0,COMPLETED
ORD-12870,2026-05-26,00029,PROD_005,,Retail / Tiendas,2,650.0,0.0,1300.0,1300.0,COMPLETED
ORD-12871,2026-05-26,00068,PROD_003,CMP-04,Online / Directo,1,750.0,112.5,750.0,637.5,COMPLETED
ORD-12872,2026-05-26,00073,PROD_008,,Online / Directo,3,1400.0,210.0,4200.0,3990.0,COMPLETED
ORD-12873,2026-05-26,00080,PROD_005,CMP-04,Mayorista / B2B,5,650.0,0.0,3250.0,3250.0,COMPLETED
ORD-12874,2026-05-26,00058,PROD_001,,Retail / Tiendas,1,4500.0,0.0,4500.0,4500.0,COMPLETED
ORD-12875,2026-05-26,00054,PROD_003,,Retail / Tiendas,2,750.0,150.0,1500.0,1350.0,COMPLETED
ORD-12877,2026-05-26,00076,PROD_003,CMP-04,Retail / Tiendas,1,750.0,75.0,750.0,675.0,COMPLETED
ORD-12878,2026-05-26,00077,PROD_007,CMP-04,Retail / Tiendas,1,120.0,0.0,120.0,120.0,COMPLETED
ORD-12879,2026-05-26,00064,PROD_001,,Retail / Tiendas,1,4500.0,0.0,4500.0,4500.0,COMPLETED
ORD-12882,2026-05-26,00028,PROD_007,CMP-04,Online / Directo,1,120.0,0.0,120.0,120.0,COMPLETED
ORD-12884,2026-05-26,00073,PROD_007,,Retail / Tiendas,3,120.0,36.0,360.0,324.0,COMPLETED
ORD-12885,2026-05-27,00043,PROD_003,,Retail / Tiendas,2,750.0,0.0,1500.0,1500.0,CANCELLED
ORD-12887,2026-05-27,00026,PROD_004,,Online / Directo,1,380.0,19.0,380.0,361.0,COMPLETED
ORD-12891,2026-05-27,00066,PROD_005,,Online / Directo,3,650.0,0.0,1950.0,1950.0,COMPLETED
ORD-12892,2026-05-27,00073,PROD_003,,Retail / Tiendas,3,750.0,0.0,2250.0,2250.0,COMPLETED
ORD-12893,2026-05-27,00046,PROD_003,CMP-04,Retail / Tiendas,2,750.0,150.0,1500.0,1350.0,COMPLETED
ORD-12894,2026-05-27,00068,PROD_006,CMP-04,Online / Directo,1,55.0,2.75,55.0,52.25,COMPLETED
ORD-12895,2026-05-27,00042,PROD_007,,Online / Directo,1,120.0,18.0,120.0,102.0,COMPLETED
ORD-12896,2026-05-27,00006,PROD_002,,Mayorista / B2B,17,2100.0,0.0,35700.0,35700.0,COMPLETED
ORD-12897,2026-05-27,00071,PROD_002,CMP-04,Retail / Tiendas,1,2100.0,0.0,2100.0,2100.0,COMPLETED
ORD-12899,2026-05-27,00029,PROD_006,CMP-04,Retail / Tiendas,3,55.0,8.25,165.0,156.75,COMPLETED
ORD-12901,2026-05-27,00057,PROD_005,CMP-04,Mayorista / B2B,16,650.0,520.0,10400.0,9880.0,COMPLETED
ORD-12903,2026-05-27,00029,PROD_005,,Mayorista / B2B,20,650.0,1300.0,13000.0,11700.0,COMPLETED
ORD-12904,2026-05-27,00043,PROD_004,,Retail / Tiendas,2,380.0,0.0,760.0,760.0,COMPLETED
ORD-12905,2026-05-27,00070,PROD_003,CMP-04,Online / Directo,2,750.0,75.0,1500.0,1425.0,CANCELLED
ORD-12906,2026-05-27,00040,PROD_005,CMP-04,Retail / Tiendas,3,650.0,0.0,1950.0,1950.0,COMPLETED
ORD-12907,2026-05-28,00078,PROD_001,,Retail / Tiendas,3,4500.0,675.0,13500.0,12825.0,COMPLETED
ORD-12909,2026-05-28,00001,PROD_007,CMP-04,Online / Directo,3,120.0,18.0,360.0,342.0,COMPLETED
ORD-12910,2026-05-28,00053,PROD_002,CMP-04,Retail / Tiendas,2,2100.0,0.0,4200.0,4200.0,COMPLETED
ORD-12912,2026-05-28,00016,PROD_008,CMP-04,Retail / Tiendas,2,1400.0,140.0,2800.0,2660.0,COMPLETED
ORD-12914,2026-05-28,00080,PROD_001,,Retail / Tiendas,3,4500.0,0.0,13500.0,13500.0,COMPLETED
ORD-12916,2026-05-28,00068,PROD_003,,Retail / Tiendas,1,750.0,112.5,750.0,637.5,COMPLETED
ORD-12917,2026-05-28,00032,PROD_006,,Online / Directo,1,55.0,2.75,55.0,52.25,COMPLETED
ORD-12919,2026-05-28,00052,PROD_004,,Retail / Tiendas,1,380.0,,380.0,380.0,CANCELLED
ORD-12920,2026-05-28,00080,PROD_007,,Retail / Tiendas,1,120.0,6.0,120.0,114.0,COMPLETED
ORD-12924,2026-05-28,00013,PROD_002,,Mayorista / B2B,10,2100.0,0.0,21000.0,21000.0,COMPLETED
ORD-12926,2026-05-28,00075,PROD_002,CMP-04,Retail / Tiendas,2,2100.0,210.0,4200.0,3990.0,COMPLETED
ORD-12928,2026-05-28,00009,PROD_004,,Online / Directo,1,380.0,0.0,380.0,380.0,COMPLETED
ORD-12932,2026-05-29,00007,PROD_003,,Retail / Tiendas,1,750.0,75.0,750.0,675.0,COMPLETED
ORD-12934,2026-05-29,00046,PROD_004,CMP-04,Retail / Tiendas,1,380.0,57.0,380.0,323.0,COMPLETED
ORD-12935,2026-05-29,00069,PROD_002,CMP-04,Retail / Tiendas,2,2100.0,210.0,4200.0,3990.0,CANCELLED
ORD-12936,2026-05-29,00061,PROD_007,,Online / Directo,1,120.0,0.0,120.0,120.0,COMPLETED
ORD-12937,2026-05-29,00045,PROD_005,,Retail / Tiendas,1,650.0,65.0,650.0,585.0,COMPLETED
ORD-12938,2026-05-29,00072,PROD_004,CMP-04,Online / Directo,1,380.0,0.0,380.0,380.0,COMPLETED
ORD-12939,2026-05-29,00025,PROD_004,,Online / Directo,3,380.0,,1140.0,1083.0,COMPLETED
ORD-12942,2026-05-29,00032,PROD_007,CMP-04,Online / Directo,2,120.0,0.0,240.0,240.0,COMPLETED
ORD-12943,2026-05-29,00056,PROD_004,CMP-04,Retail / Tiendas,1,380.0,0.0,380.0,380.0,COMPLETED
ORD-12944,2026-05-29,00015,PROD_002,CMP-04,Online / Directo,3,2100.0,0.0,6300.0,6300.0,COMPLETED
ORD-12945,2026-05-29,00019,PROD_004,,Online / Directo,2,380.0,38.0,760.0,722.0,COMPLETED
ORD-12948,2026-05-30,00043,PROD_001,CMP-04,Retail / Tiendas,1,4500.0,225.0,4500.0,4275.0,COMPLETED
ORD-12949,2026-05-30,00003,PROD_001,CMP-04,Retail / Tiendas,1,4500.0,0.0,4500.0,4500.0,COMPLETED
ORD-12951,2026-05-30,00052,PROD_008,CMP-04,Retail / Tiendas,3,1400.0,0.0,4200.0,4200.0,COMPLETED
ORD-12953,2026-05-30,00031,PROD_004,CMP-04,Retail / Tiendas,1,380.0,0.0,380.0,380.0,COMPLETED
ORD-12955,2026-05-30,00017,PROD_007,CMP-04,Retail / Tiendas,1,120.0,0.0,120.0,120.0,COMPLETED
ORD-12956,2026-05-30,00075,PROD_002,,Retail / Tiendas,3,2100.0,315.0,6300.0,5985.0,COMPLETED
ORD-12957,2026-05-30,00066,PROD_007,CMP-04,Retail / Tiendas,1,120.0,0.0,120.0,120.0,COMPLETED
ORD-12958,2026-05-30,00032,PROD_008,,Online / Directo,3,1400.0,630.0,4200.0,3570.0,COMPLETED
ORD-12959,2026-05-30,00046,PROD_008,,Retail / Tiendas,2,1400.0,0.0,2800.0,2800.0,COMPLETED
ORD-12960,2026-05-30,00040,PROD_002,,Retail / Tiendas,1,2100.0,0.0,2100.0,2100.0,COMPLETED
ORD-12963,2026-05-31,00003,PROD_005,,Retail / Tiendas,3,650.0,195.0,1950.0,1755.0,COMPLETED
ORD-12964,2026-05-31,00048,PROD_007,,Retail / Tiendas,3,120.0,54.0,360.0,306.0,COMPLETED
ORD-12965,2026-05-31,00048,PROD_002,,Retail / Tiendas,1,2100.0,0.0,2100.0,2100.0,COMPLETED
ORD-12970,2026-05-31,00065,PROD_006,CMP-04,Retail / Tiendas,3,55.0,8.25,165.0,156.75,COMPLETED
ORD-12971,2026-05-31,00061,PROD_007,CMP-04,Retail / Tiendas,1,120.0,,120.0,114.0,COMPLETED
ORD-12973,2026-05-31,00044,PROD_007,,Retail / Tiendas,3,120.0,18.0,360.0,342.0,COMPLETED
ORD-12974,2026-05-31,00026,PROD_003,,Retail / Tiendas,3,750.0,225.0,2250.0,2025.0,COMPLETED
ORD-12975,2026-05-31,00051,PROD_002,CMP-04,Online / Directo,2,2100.0,630.0,4200.0,3570.0,COMPLETED
ORD-12976,2026-05-31,00078,PROD_002,,Retail / Tiendas,1,2100.0,315.0,2100.0,1785.0,COMPLETED
ORD-12977,2026-05-31,00075,PROD_002,,Online / Directo,1,2100.0,0.0,2100.0,2100.0,COMPLETED
ORD-12979,2026-05-31,00052,PROD_001,CMP-04,Retail / Tiendas,2,4500.0,0.0,9000.0,9000.0,CANCELLED
ORD-12980,2026-05-31,00034,PROD_002,CMP-04,Retail / Tiendas,3,2100.0,945.0,6300.0,5355.0,COMPLETED
ORD-12981,2026-05-31,00030,PROD_005,CMP-04,Online / Directo,2,650.0,0.0,1300.0,1300.0,COMPLETED
ORD-12982,2026-05-31,00079,PROD_001,CMP-04,Mayorista / B2B,10,4500.0,2250.0,45000.0,42750.0,COMPLETED
ORD-12983,2026-06-01,00022,PROD_003,,Mayorista / B2B,21,750.0,2362.5,15750.0,13387.5,COMPLETED
ORD-12984,2026-06-01,00017,PROD_003,,Mayorista / B2B,5,750.0,187.5,3750.0,3562.5,COMPLETED
ORD-12985,2026-06-01,00078,PROD_005,,Retail / Tiendas,1,650.0,65.0,650.0,585.0,COMPLETED
ORD-12986,2026-06-01,00021,PROD_003,,Mayorista / B2B,13,750.0,0.0,9750.0,9750.0,COMPLETED
ORD-12987,2026-06-01,00072,PROD_001,,Online / Directo,3,4500.0,0.0,13500.0,13500.0,COMPLETED
ORD-12988,2026-06-01,00020,PROD_005,,Mayorista / B2B,14,650.0,0.0,9100.0,9100.0,COMPLETED
ORD-12989,2026-06-01,00076,PROD_008,,Mayorista / B2B,14,1400.0,980.0,19600.0,18620.0,COMPLETED
ORD-12990,2026-06-01,00056,PROD_007,,Mayorista / B2B,14,120.0,84.0,1680.0,1596.0,COMPLETED
ORD-12991,2026-06-01,00002,PROD_004,,Mayorista / B2B,9,380.0,0.0,3420.0,3420.0,COMPLETED
ORD-12992,2026-06-01,00062,PROD_006,,Mayorista / B2B,13,55.0,0.0,715.0,715.0,CANCELLED
ORD-12993,2026-06-01,00068,PROD_006,,Mayorista / B2B,18,55.0,49.5,990.0,940.5,COMPLETED
ORD-12994,2026-06-01,00068,PROD_004,,Retail / Tiendas,1,380.0,19.0,380.0,361.0,COMPLETED
ORD-12995,2026-06-01,00001,PROD_005,,Retail / Tiendas,2,650.0,0.0,1300.0,1300.0,COMPLETED
ORD-12996,2026-06-01,00046,PROD_005,,Retail / Tiendas,3,650.0,97.5,1950.0,1852.5,COMPLETED
ORD-12997,2026-06-02,00020,PROD_007,,Retail / Tiendas,3,120.0,18.0,360.0,342.0,COMPLETED
ORD-12998,2026-06-02,00037,PROD_003,,Retail / Tiendas,3,750.0,0.0,2250.0,2250.0,CANCELLED
ORD-12999,2026-06-02,00062,PROD_008,,Mayorista / B2B,6,1400.0,0.0,8400.0,8400.0,COMPLETED
ORD-13000,2026-06-02,00043,PROD_001,,Mayorista / B2B,12,4500.0,0.0,54000.0,54000.0,COMPLETED
ORD-13001,2026-06-02,00060,PROD_003,,Retail / Tiendas,1,750.0,112.5,750.0,637.5,COMPLETED
ORD-13002,2026-06-02,00043,PROD_008,,Mayorista / B2B,11,1400.0,0.0,15400.0,15400.0,COMPLETED
ORD-13003,2026-06-02,00078,PROD_002,,Online / Directo,1,2100.0,105.0,2100.0,1995.0,CANCELLED
ORD-13004,2026-06-02,00079,PROD_006,,Mayorista / B2B,13,55.0,35.75,715.0,679.25,COMPLETED
ORD-13005,2026-06-02,00035,PROD_004,,Retail / Tiendas,3,380.0,114.0,1140.0,1026.0,COMPLETED
ORD-13006,2026-06-02,00061,PROD_001,,Retail / Tiendas,1,4500.0,0.0,4500.0,4500.0,CANCELLED
ORD-13007,2026-06-02,00045,PROD_007,,Online / Directo,2,120.0,12.0,240.0,228.0,COMPLETED
ORD-13008,2026-06-02,00051,PROD_003,,Retail / Tiendas,2,750.0,150.0,1500.0,1350.0,COMPLETED
ORD-13009,2026-06-02,00009,PROD_006,,Retail / Tiendas,2,55.0,0.0,110.0,110.0,COMPLETED
ORD-13010,2026-06-02,00067,PROD_001,,Retail / Tiendas,1,4500.0,0.0,4500.0,4500.0,COMPLETED
ORD-13011,2026-06-03,00079,PROD_006,,Retail / Tiendas,2,55.0,16.5,110.0,93.5,COMPLETED
ORD-13012,2026-06-03,00054,PROD_001,,Retail / Tiendas,2,4500.0,0.0,9000.0,9000.0,REFUNDED
ORD-13013,2026-06-03,00066,PROD_002,,Retail / Tiendas,2,2100.0,0.0,4200.0,4200.0,COMPLETED
ORD-13014,2026-06-03,00020,PROD_001,,Mayorista / B2B,19,4500.0,4275.0,85500.0,81225.0,COMPLETED
ORD-13015,2026-06-03,00075,PROD_008,,Mayorista / B2B,12,1400.0,0.0,16800.0,16800.0,COMPLETED
ORD-13016,2026-06-03,00033,PROD_003,,Mayorista / B2B,12,750.0,0.0,9000.0,9000.0,COMPLETED
ORD-13017,2026-06-03,00008,PROD_008,,Mayorista / B2B,23,1400.0,0.0,32200.0,32200.0,COMPLETED
ORD-13018,2026-06-03,00064,PROD_007,,Retail / Tiendas,2,120.0,0.0,240.0,240.0,COMPLETED
ORD-13019,2026-06-03,00034,PROD_007,,Online / Directo,1,120.0,0.0,120.0,120.0,COMPLETED
ORD-13020,2026-06-03,00037,PROD_002,,Mayorista / B2B,20,2100.0,4200.0,42000.0,37800.0,COMPLETED
ORD-13021,2026-06-03,00052,PROD_008,,Mayorista / B2B,15,1400.0,0.0,21000.0,21000.0,COMPLETED
ORD-13022,2026-06-03,00035,PROD_002,,Mayorista / B2B,12,2100.0,1260.0,25200.0,23940.0,COMPLETED
ORD-13023,2026-06-04,00074,PROD_004,,Retail / Tiendas,3,380.0,0.0,1140.0,1140.0,REFUNDED
ORD-13024,2026-06-04,00029,PROD_003,,Retail / Tiendas,2,750.0,0.0,1500.0,1500.0,COMPLETED
ORD-13025,2026-06-04,00042,PROD_008,,Mayorista / B2B,23,1400.0,0.0,32200.0,32200.0,COMPLETED
ORD-13026,2026-06-04,00058,PROD_007,,Mayorista / B2B,15,120.0,0.0,1800.0,1800.0,COMPLETED
ORD-13027,2026-06-04,00052,PROD_004,,Retail / Tiendas,1,380.0,,380.0,361.0,COMPLETED
ORD-13028,2026-06-04,00019,PROD_003,,Retail / Tiendas,3,750.0,112.5,2250.0,2137.5,REFUNDED
ORD-13029,2026-06-04,00022,PROD_006,,Online / Directo,3,55.0,8.25,165.0,156.75,COMPLETED
ORD-13030,2026-06-04,00052,PROD_001,,Online / Directo,3,4500.0,675.0,13500.0,12825.0,COMPLETED
ORD-13031,2026-06-04,00054,PROD_007,,Mayorista / B2B,19,120.0,,2280.0,2052.0,COMPLETED
ORD-13032,2026-06-04,00017,PROD_002,,Mayorista / B2B,10,2100.0,1050.0,21000.0,19950.0,COMPLETED
ORD-13033,2026-06-04,00063,PROD_003,,Retail / Tiendas,1,750.0,0.0,750.0,750.0,COMPLETED
ORD-13034,2026-06-04,00012,PROD_007,,Mayorista / B2B,18,120.0,108.0,2160.0,2052.0,COMPLETED
ORD-13035,2026-06-04,00061,PROD_005,,Online / Directo,1,650.0,32.5,650.0,617.5,COMPLETED
ORD-13036,2026-03-15,00999,PROD_001,,Retail / Tiendas,2,4500.0,0.0,9000.0,9000.0,COMPLETED
ORD-13037,2026-03-15,00999,PROD_001,,Retail / Tiendas,2,4500.0,0.0,9000.0,9000.0,COMPLETED
ORD-13038,2026-03-15,00999,PROD_001,,Retail / Tiendas,2,4500.0,0.0,9000.0,9000.0,COMPLETED
ORD-13039,2026-03-15,00999,PROD_001,,Retail / Tiendas,2,4500.0,0.0,9000.0,9000.0,COMPLETED
ORD-13040,2026-03-15,00999,PROD_001,,Retail / Tiendas,2,4500.0,0.0,9000.0,9000.0,COMPLETED
ORD-13041,2026-04-12,00005,PROD_999,,Online / Directo,1,1000.0,0.0,1000.0,1000.0,COMPLETED
ORD-13042,2026-04-12,00005,PROD_999,,Online / Directo,1,1000.0,0.0,1000.0,1000.0,COMPLETED
ORD-13043,2026-04-12,00005,PROD_999,,Online / Directo,1,1000.0,0.0,1000.0,1000.0,COMPLETED
ORD-13044,2026-02-30,00001,PROD_002,,Retail / Tiendas,1,2100.0,0.0,2100.0,2100.0,COMPLETED
ORD-13045,CORRUPT_DATE,00002,PROD_003,,Online / Directo,1,750.0,0.0,750.0,750.0,COMPLETED
